account_id,district_id,frequency,date
576,55,POPLATEK MESICNE,1993-01-01
2378,16,POPLATEK MESICNE,1993-01-01
2632,24,POPLATEK MESICNE,1993-01-02
1539,1,POPLATEK PO OBRATU,1993-01-03
2484,74,POPLATEK MESICNE,1993-01-03
1726,48,POPLATEK MESICNE,1993-01-03
2881,70,POPLATEK MESICNE,1993-01-04
485,6,POPLATEK PO OBRATU,1993-01-04
652,21,POPLATEK MESICNE,1993-01-05
1844,44,POPLATEK MESICNE,1993-01-06
1926,37,POPLATEK MESICNE,1993-01-06
3510,41,POPLATEK MESICNE,1993-01-07
1637,1,POPLATEK MESICNE,1993-01-08
764,1,POPLATEK MESICNE,1993-01-08
2087,7,POPLATEK TYDNE,1993-01-08
2122,68,POPLATEK MESICNE,1993-01-08
3592,54,POPLATEK MESICNE,1993-01-08
1730,1,POPLATEK MESICNE,1993-01-09
1493,41,POPLATEK MESICNE,1993-01-09
374,38,POPLATEK MESICNE,1993-01-09
866,9,POPLATEK MESICNE,1993-01-10
1628,60,POPLATEK MESICNE,1993-01-10
346,37,POPLATEK MESICNE,1993-01-11
1338,74,POPLATEK MESICNE,1993-01-11
2099,3,POPLATEK TYDNE,1993-01-12
3760,44,POPLATEK MESICNE,1993-01-13
1699,53,POPLATEK MESICNE,1993-01-14
1731,33,POPLATEK MESICNE,1993-01-14
11265,15,POPLATEK MESICNE,1993-01-14
2519,4,POPLATEK MESICNE,1993-01-15
1481,15,POPLATEK MESICNE,1993-01-17
401,32,POPLATEK MESICNE,1993-01-18
4034,1,POPLATEK MESICNE,1993-01-18
2330,54,POPLATEK MESICNE,1993-01-19
1806,40,POPLATEK MESICNE,1993-01-19
3834,54,POPLATEK MESICNE,1993-01-19
456,49,POPLATEK MESICNE,1993-01-21
459,47,POPLATEK MESICNE,1993-01-21
2970,60,POPLATEK MESICNE,1993-01-22
1179,74,POPLATEK MESICNE,1993-01-23
280,25,POPLATEK MESICNE,1993-01-23
2425,41,POPLATEK MESICNE,1993-01-23
4055,23,POPLATEK MESICNE,1993-01-24
5065,66,POPLATEK MESICNE,1993-01-24
5891,54,POPLATEK MESICNE,1993-01-25
1750,1,POPLATEK MESICNE,1993-01-26
6473,12,POPLATEK MESICNE,1993-01-26
1649,46,POPLATEK MESICNE,1993-01-26
2670,13,POPLATEK MESICNE,1993-01-27
1127,27,POPLATEK MESICNE,1993-01-27
163,30,POPLATEK MESICNE,1993-01-27
1144,59,POPLATEK MESICNE,1993-01-28
2902,32,POPLATEK MESICNE,1993-01-28
4296,63,POPLATEK MESICNE,1993-01-28
2070,72,POPLATEK MESICNE,1993-01-29
1843,12,POPLATEK MESICNE,1993-01-30
1675,36,POPLATEK MESICNE,1993-02-01
2434,17,POPLATEK MESICNE,1993-02-02
3007,16,POPLATEK MESICNE,1993-02-02
1132,1,POPLATEK TYDNE,1993-02-03
3983,67,POPLATEK MESICNE,1993-02-04
465,32,POPLATEK MESICNE,1993-02-04
982,54,POPLATEK MESICNE,1993-02-05
411,70,POPLATEK MESICNE,1993-02-05
890,14,POPLATEK MESICNE,1993-02-05
3960,64,POPLATEK MESICNE,1993-02-06
8051,1,POPLATEK TYDNE,1993-02-07
2647,73,POPLATEK MESICNE,1993-02-08
5622,70,POPLATEK MESICNE,1993-02-08
7753,74,POPLATEK MESICNE,1993-02-08
1477,1,POPLATEK MESICNE,1993-02-08
4240,50,POPLATEK MESICNE,1993-02-08
9188,45,POPLATEK MESICNE,1993-02-08
1134,6,POPLATEK MESICNE,1993-02-09
2585,75,POPLATEK MESICNE,1993-02-10
2220,16,POPLATEK MESICNE,1993-02-10
1944,72,POPLATEK MESICNE,1993-02-12
1801,46,POPLATEK MESICNE,1993-02-13
2543,68,POPLATEK MESICNE,1993-02-13
11013,1,POPLATEK TYDNE,1993-02-14
2423,30,POPLATEK MESICNE,1993-02-14
3554,66,POPLATEK MESICNE,1993-02-16
3545,51,POPLATEK MESICNE,1993-02-17
3047,16,POPLATEK MESICNE,1993-02-17
3374,21,POPLATEK MESICNE,1993-02-17
96,68,POPLATEK MESICNE,1993-02-18
3026,24,POPLATEK MESICNE,1993-02-18
3787,70,POPLATEK MESICNE,1993-02-19
128,2,POPLATEK MESICNE,1993-02-19
3168,39,POPLATEK MESICNE,1993-02-20
1678,1,POPLATEK MESICNE,1993-02-22
2396,2,POPLATEK MESICNE,1993-02-22
1005,54,POPLATEK TYDNE,1993-02-23
2110,64,POPLATEK MESICNE,1993-02-23
3117,33,POPLATEK MESICNE,1993-02-24
562,50,POPLATEK MESICNE,1993-02-25
2242,7,POPLATEK TYDNE,1993-02-25
496,69,POPLATEK MESICNE,1993-02-26
2,1,POPLATEK MESICNE,1993-02-26
2486,1,POPLATEK MESICNE,1993-02-27
3651,23,POPLATEK MESICNE,1993-02-27
1775,17,POPLATEK MESICNE,1993-02-27
1688,70,POPLATEK MESICNE,1993-02-27
361,51,POPLATEK MESICNE,1993-02-27
239,69,POPLATEK TYDNE,1993-03-01
4134,7,POPLATEK MESICNE,1993-03-03
1713,43,POPLATEK MESICNE,1993-03-03
1378,59,POPLATEK MESICNE,1993-03-04
86,54,POPLATEK MESICNE,1993-03-07
2453,1,POPLATEK MESICNE,1993-03-08
3935,23,POPLATEK MESICNE,1993-03-08
4596,74,POPLATEK MESICNE,1993-03-09
2489,72,POPLATEK MESICNE,1993-03-09
2895,19,POPLATEK MESICNE,1993-03-09
2555,53,POPLATEK MESICNE,1993-03-10
2219,60,POPLATEK MESICNE,1993-03-11
3674,38,POPLATEK MESICNE,1993-03-12
2039,44,POPLATEK MESICNE,1993-03-12
2712,9,POPLATEK MESICNE,1993-03-12
395,1,POPLATEK MESICNE,1993-03-12
2974,9,POPLATEK MESICNE,1993-03-13
2508,34,POPLATEK MESICNE,1993-03-14
2458,40,POPLATEK TYDNE,1993-03-14
588,66,POPLATEK MESICNE,1993-03-14
6701,49,POPLATEK TYDNE,1993-03-15
3883,72,POPLATEK MESICNE,1993-03-15
2497,65,POPLATEK MESICNE,1993-03-16
1372,1,POPLATEK MESICNE,1993-03-16
3835,50,POPLATEK MESICNE,1993-03-16
425,9,POPLATEK MESICNE,1993-03-19
6034,6,POPLATEK TYDNE,1993-03-19
115,68,POPLATEK MESICNE,1993-03-19
1189,59,POPLATEK MESICNE,1993-03-19
892,70,POPLATEK MESICNE,1993-03-20
2651,2,POPLATEK MESICNE,1993-03-21
655,53,POPLATEK MESICNE,1993-03-24
2528,65,POPLATEK MESICNE,1993-03-25
1721,68,POPLATEK MESICNE,1993-03-25
1332,59,POPLATEK MESICNE,1993-03-25
3781,31,POPLATEK MESICNE,1993-03-26
3076,54,POPLATEK MESICNE,1993-03-27
1157,7,POPLATEK MESICNE,1993-03-27
1874,9,POPLATEK MESICNE,1993-03-27
3586,59,POPLATEK MESICNE,1993-03-27
62,47,POPLATEK MESICNE,1993-03-28
5483,13,POPLATEK MESICNE,1993-03-28
6425,31,POPLATEK MESICNE,1993-03-29
2896,29,POPLATEK MESICNE,1993-03-30
3980,75,POPLATEK MESICNE,1993-04-03
686,41,POPLATEK MESICNE,1993-04-04
362,15,POPLATEK MESICNE,1993-04-04
2056,58,POPLATEK MESICNE,1993-04-07
748,10,POPLATEK MESICNE,1993-04-08
1147,44,POPLATEK MESICNE,1993-04-10
3788,70,POPLATEK MESICNE,1993-04-10
8321,77,POPLATEK MESICNE,1993-04-12
2838,3,POPLATEK TYDNE,1993-04-13
3644,38,POPLATEK MESICNE,1993-04-13
4318,33,POPLATEK TYDNE,1993-04-13
5428,24,POPLATEK MESICNE,1993-04-14
1152,45,POPLATEK MESICNE,1993-04-15
1815,66,POPLATEK MESICNE,1993-04-17
4321,47,POPLATEK MESICNE,1993-04-18
1773,33,POPLATEK MESICNE,1993-04-19
188,54,POPLATEK MESICNE,1993-04-20
2599,48,POPLATEK MESICNE,1993-04-20
1166,11,POPLATEK MESICNE,1993-04-21
1518,67,POPLATEK MESICNE,1993-04-21
2189,75,POPLATEK MESICNE,1993-04-22
6040,1,POPLATEK MESICNE,1993-04-22
2876,52,POPLATEK MESICNE,1993-04-22
717,75,POPLATEK MESICNE,1993-04-24
977,1,POPLATEK MESICNE,1993-04-26
1032,11,POPLATEK MESICNE,1993-04-26
928,20,POPLATEK MESICNE,1993-04-26
2175,1,POPLATEK MESICNE,1993-04-27
2222,47,POPLATEK MESICNE,1993-05-01
2609,73,POPLATEK MESICNE,1993-05-03
5472,1,POPLATEK MESICNE,1993-05-04
2932,72,POPLATEK MESICNE,1993-05-04
3965,31,POPLATEK MESICNE,1993-05-04
4743,64,POPLATEK MESICNE,1993-05-05
1236,19,POPLATEK MESICNE,1993-05-05
1822,30,POPLATEK MESICNE,1993-05-05
3316,28,POPLATEK MESICNE,1993-05-06
1200,33,POPLATEK MESICNE,1993-05-07
5372,48,POPLATEK MESICNE,1993-05-08
1784,59,POPLATEK MESICNE,1993-05-08
1603,1,POPLATEK MESICNE,1993-05-09
1887,68,POPLATEK MESICNE,1993-05-09
1658,73,POPLATEK MESICNE,1993-05-10
1039,70,POPLATEK TYDNE,1993-05-10
1071,68,POPLATEK TYDNE,1993-05-10
2410,54,POPLATEK MESICNE,1993-05-11
2523,10,POPLATEK MESICNE,1993-05-11
751,3,POPLATEK MESICNE,1993-05-12
2061,24,POPLATEK MESICNE,1993-05-12
8261,13,POPLATEK MESICNE,1993-05-12
2321,35,POPLATEK MESICNE,1993-05-13
1334,74,POPLATEK MESICNE,1993-05-14
3649,54,POPLATEK MESICNE,1993-05-14
863,71,POPLATEK MESICNE,1993-05-16
3181,42,POPLATEK MESICNE,1993-05-16
3210,1,POPLATEK MESICNE,1993-05-17
947,59,POPLATEK MESICNE,1993-05-17
1610,52,POPLATEK MESICNE,1993-05-17
1412,64,POPLATEK MESICNE,1993-05-18
2758,70,POPLATEK MESICNE,1993-05-19
2711,58,POPLATEK MESICNE,1993-05-19
1652,74,POPLATEK MESICNE,1993-05-20
9591,74,POPLATEK MESICNE,1993-05-20
9828,11,POPLATEK MESICNE,1993-05-20
5385,44,POPLATEK TYDNE,1993-05-21
2991,19,POPLATEK MESICNE,1993-05-22
3469,76,POPLATEK MESICNE,1993-05-22
3844,67,POPLATEK MESICNE,1993-05-23
1442,23,POPLATEK MESICNE,1993-05-23
1272,40,POPLATEK TYDNE,1993-05-25
5546,43,POPLATEK MESICNE,1993-05-28
10911,1,POPLATEK TYDNE,1993-05-29
2962,1,POPLATEK MESICNE,1993-05-30
1617,45,POPLATEK MESICNE,1993-06-01
327,54,POPLATEK MESICNE,1993-06-02
640,32,POPLATEK MESICNE,1993-06-02
510,1,POPLATEK TYDNE,1993-06-02
2534,61,POPLATEK MESICNE,1993-06-03
1018,7,POPLATEK MESICNE,1993-06-03
1743,51,POPLATEK MESICNE,1993-06-04
2146,31,POPLATEK MESICNE,1993-06-05
4576,27,POPLATEK MESICNE,1993-06-05
3258,53,POPLATEK MESICNE,1993-06-05
2176,67,POPLATEK MESICNE,1993-06-06
1999,70,POPLATEK MESICNE,1993-06-06
2741,15,POPLATEK MESICNE,1993-06-07
4427,32,POPLATEK MESICNE,1993-06-07
3032,5,POPLATEK MESICNE,1993-06-07
6281,56,POPLATEK MESICNE,1993-06-08
306,16,POPLATEK MESICNE,1993-06-08
1207,67,POPLATEK MESICNE,1993-06-08
1247,25,POPLATEK MESICNE,1993-06-08
5129,68,POPLATEK MESICNE,1993-06-08
2327,19,POPLATEK MESICNE,1993-06-08
2388,30,POPLATEK MESICNE,1993-06-09
3566,21,POPLATEK MESICNE,1993-06-09
10266,54,POPLATEK MESICNE,1993-06-10
3771,22,POPLATEK MESICNE,1993-06-11
1978,57,POPLATEK TYDNE,1993-06-11
3246,54,POPLATEK MESICNE,1993-06-14
1475,1,POPLATEK TYDNE,1993-06-14
3133,66,POPLATEK MESICNE,1993-06-14
432,46,POPLATEK MESICNE,1993-06-16
2880,71,POPLATEK MESICNE,1993-06-16
1998,1,POPLATEK MESICNE,1993-06-17
2933,10,POPLATEK MESICNE,1993-06-18
773,15,POPLATEK MESICNE,1993-06-19
4894,14,POPLATEK MESICNE,1993-06-20
5120,1,POPLATEK MESICNE,1993-06-21
148,8,POPLATEK MESICNE,1993-06-21
886,1,POPLATEK MESICNE,1993-06-23
1451,64,POPLATEK MESICNE,1993-06-24
2940,54,POPLATEK MESICNE,1993-06-24
3954,22,POPLATEK MESICNE,1993-06-25
885,1,POPLATEK MESICNE,1993-06-25
8129,45,POPLATEK MESICNE,1993-06-26
2411,69,POPLATEK MESICNE,1993-06-27
3775,19,POPLATEK MESICNE,1993-06-27
902,74,POPLATEK MESICNE,1993-06-29
2552,52,POPLATEK MESICNE,1993-07-01
3435,59,POPLATEK MESICNE,1993-07-01
5215,55,POPLATEK MESICNE,1993-07-01
36,1,POPLATEK MESICNE,1993-07-01
1861,54,POPLATEK MESICNE,1993-07-02
2736,72,POPLATEK MESICNE,1993-07-02
2298,31,POPLATEK MESICNE,1993-07-03
929,54,POPLATEK MESICNE,1993-07-03
381,68,POPLATEK MESICNE,1993-07-04
4352,2,POPLATEK MESICNE,1993-07-05
1852,35,POPLATEK MESICNE,1993-07-05
2705,63,POPLATEK PO OBRATU,1993-07-05
9472,1,POPLATEK TYDNE,1993-07-06
1425,76,POPLATEK MESICNE,1993-07-06
8027,44,POPLATEK TYDNE,1993-07-07
3261,1,POPLATEK MESICNE,1993-07-07
35,75,POPLATEK MESICNE,1993-07-07
2186,63,POPLATEK MESICNE,1993-07-07
78,74,POPLATEK MESICNE,1993-07-07
3939,70,POPLATEK MESICNE,1993-07-08
2584,50,POPLATEK MESICNE,1993-07-08
2336,39,POPLATEK MESICNE,1993-07-08
2078,62,POPLATEK MESICNE,1993-07-08
4159,74,POPLATEK MESICNE,1993-07-09
907,41,POPLATEK MESICNE,1993-07-09
2213,68,POPLATEK MESICNE,1993-07-11
3277,36,POPLATEK MESICNE,1993-07-12
3413,70,POPLATEK MESICNE,1993-07-13
3654,47,POPLATEK MESICNE,1993-07-13
3241,44,POPLATEK MESICNE,1993-07-16
1497,1,POPLATEK MESICNE,1993-07-16
3078,1,POPLATEK MESICNE,1993-07-16
1116,1,POPLATEK MESICNE,1993-07-20
5700,42,POPLATEK MESICNE,1993-07-20
6273,38,POPLATEK MESICNE,1993-07-21
2253,74,POPLATEK MESICNE,1993-07-24
1069,70,POPLATEK MESICNE,1993-07-24
3287,18,POPLATEK MESICNE,1993-07-26
3982,26,POPLATEK MESICNE,1993-07-27
3629,48,POPLATEK MESICNE,1993-07-27
2732,5,POPLATEK MESICNE,1993-07-27
7485,39,POPLATEK MESICNE,1993-07-28
2088,4,POPLATEK MESICNE,1993-07-28
1630,72,POPLATEK MESICNE,1993-07-28
445,63,POPLATEK TYDNE,1993-07-29
186,1,POPLATEK TYDNE,1993-07-29
3720,36,POPLATEK MESICNE,1993-07-30
3580,43,POPLATEK MESICNE,1993-08-01
6363,74,POPLATEK MESICNE,1993-08-01
3738,51,POPLATEK MESICNE,1993-08-01
4000,7,POPLATEK MESICNE,1993-08-02
9041,1,POPLATEK MESICNE,1993-08-03
930,41,POPLATEK MESICNE,1993-08-03
1925,12,POPLATEK MESICNE,1993-08-03
1507,35,POPLATEK MESICNE,1993-08-03
7857,75,POPLATEK MESICNE,1993-08-04
6636,72,POPLATEK TYDNE,1993-08-04
3699,50,POPLATEK MESICNE,1993-08-05
816,52,POPLATEK MESICNE,1993-08-05
2038,42,POPLATEK MESICNE,1993-08-06
1589,37,POPLATEK MESICNE,1993-08-07
26,52,POPLATEK MESICNE,1993-08-08
657,47,POPLATEK MESICNE,1993-08-08
47,45,POPLATEK MESICNE,1993-08-08
3850,8,POPLATEK MESICNE,1993-08-09
3166,71,POPLATEK MESICNE,1993-08-10
11021,1,POPLATEK MESICNE,1993-08-10
1701,1,POPLATEK MESICNE,1993-08-10
3613,43,POPLATEK MESICNE,1993-08-10
3792,10,POPLATEK MESICNE,1993-08-11
1401,1,POPLATEK MESICNE,1993-08-12
3220,29,POPLATEK MESICNE,1993-08-14
1779,33,POPLATEK MESICNE,1993-08-15
238,6,POPLATEK MESICNE,1993-08-15
3035,15,POPLATEK TYDNE,1993-08-16
3221,5,POPLATEK MESICNE,1993-08-17
2771,37,POPLATEK MESICNE,1993-08-18
3891,1,POPLATEK MESICNE,1993-08-18
9236,11,POPLATEK MESICNE,1993-08-18
2417,44,POPLATEK MESICNE,1993-08-20
3868,43,POPLATEK MESICNE,1993-08-21
1875,44,POPLATEK MESICNE,1993-08-21
3477,71,POPLATEK MESICNE,1993-08-22
1057,13,POPLATEK MESICNE,1993-08-23
3407,28,POPLATEK MESICNE,1993-08-24
162,60,POPLATEK MESICNE,1993-08-25
5011,31,POPLATEK MESICNE,1993-08-25
815,56,POPLATEK MESICNE,1993-08-25
1449,35,POPLATEK MESICNE,1993-08-26
950,49,POPLATEK MESICNE,1993-08-26
3837,48,POPLATEK PO OBRATU,1993-08-26
2894,17,POPLATEK MESICNE,1993-08-28
2510,61,POPLATEK MESICNE,1993-08-28
6051,56,POPLATEK MESICNE,1993-08-28
1694,6,POPLATEK TYDNE,1993-08-29
1106,20,POPLATEK TYDNE,1993-08-29
3319,56,POPLATEK MESICNE,1993-08-29
10451,1,POPLATEK MESICNE,1993-08-29
172,13,POPLATEK MESICNE,1993-08-30
3920,74,POPLATEK MESICNE,1993-09-01
3011,64,POPLATEK MESICNE,1993-09-01
2592,69,POPLATEK MESICNE,1993-09-01
146,4,POPLATEK MESICNE,1993-09-02
8073,24,POPLATEK PO OBRATU,1993-09-03
4463,67,POPLATEK MESICNE,1993-09-03
3509,2,POPLATEK MESICNE,1993-09-05
3456,32,POPLATEK MESICNE,1993-09-06
2951,44,POPLATEK MESICNE,1993-09-06
1689,55,POPLATEK MESICNE,1993-09-07
5952,50,POPLATEK MESICNE,1993-09-07
1107,42,POPLATEK MESICNE,1993-09-08
8475,4,POPLATEK MESICNE,1993-09-08
3575,7,POPLATEK MESICNE,1993-09-08
2691,69,POPLATEK MESICNE,1993-09-08
2428,72,POPLATEK MESICNE,1993-09-08
2649,2,POPLATEK MESICNE,1993-09-08
2907,70,POPLATEK MESICNE,1993-09-09
1091,16,POPLATEK MESICNE,1993-09-09
2302,24,POPLATEK MESICNE,1993-09-10
1146,67,POPLATEK MESICNE,1993-09-12
750,73,POPLATEK MESICNE,1993-09-12
2150,37,POPLATEK MESICNE,1993-09-12
10940,50,POPLATEK MESICNE,1993-09-13
861,22,POPLATEK MESICNE,1993-09-13
1234,6,POPLATEK MESICNE,1993-09-13
7774,74,POPLATEK PO OBRATU,1993-09-14
1079,74,POPLATEK MESICNE,1993-09-14
3863,15,POPLATEK MESICNE,1993-09-14
3480,58,POPLATEK MESICNE,1993-09-14
2671,1,POPLATEK MESICNE,1993-09-15
3028,27,POPLATEK MESICNE,1993-09-15
6715,48,POPLATEK TYDNE,1993-09-15
3255,1,POPLATEK MESICNE,1993-09-15
2987,18,POPLATEK MESICNE,1993-09-16
2695,16,POPLATEK MESICNE,1993-09-16
2849,1,POPLATEK MESICNE,1993-09-16
2802,1,POPLATEK MESICNE,1993-09-16
34,67,POPLATEK TYDNE,1993-09-17
699,1,POPLATEK MESICNE,1993-09-17
2282,29,POPLATEK TYDNE,1993-09-17
837,46,POPLATEK MESICNE,1993-09-18
8759,1,POPLATEK MESICNE,1993-09-18
2958,48,POPLATEK MESICNE,1993-09-19
3408,62,POPLATEK MESICNE,1993-09-19
3268,21,POPLATEK MESICNE,1993-09-20
854,62,POPLATEK MESICNE,1993-09-21
1811,40,POPLATEK MESICNE,1993-09-22
3822,8,POPLATEK MESICNE,1993-09-22
3505,46,POPLATEK MESICNE,1993-09-23
1804,20,POPLATEK TYDNE,1993-09-23
2617,1,POPLATEK MESICNE,1993-09-24
467,74,POPLATEK MESICNE,1993-09-24
4437,40,POPLATEK MESICNE,1993-09-24
1453,61,POPLATEK TYDNE,1993-09-25
8982,64,POPLATEK MESICNE,1993-09-25
27,73,POPLATEK MESICNE,1993-09-26
4511,33,POPLATEK MESICNE,1993-09-26
1052,61,POPLATEK MESICNE,1993-09-27
3171,61,POPLATEK MESICNE,1993-09-28
228,5,POPLATEK MESICNE,1993-09-28
15,70,POPLATEK MESICNE,1993-10-02
2613,26,POPLATEK MESICNE,1993-10-03
2201,8,POPLATEK MESICNE,1993-10-05
5387,1,POPLATEK MESICNE,1993-10-05
1120,1,POPLATEK MESICNE,1993-10-05
235,41,POPLATEK MESICNE,1993-10-06
4543,33,POPLATEK MESICNE,1993-10-08
2427,70,POPLATEK TYDNE,1993-10-08
4659,56,POPLATEK MESICNE,1993-10-08
4059,34,POPLATEK MESICNE,1993-10-08
7011,75,POPLATEK MESICNE,1993-10-08
2623,58,POPLATEK MESICNE,1993-10-09
2479,18,POPLATEK MESICNE,1993-10-09
8041,1,POPLATEK MESICNE,1993-10-10
1468,54,POPLATEK MESICNE,1993-10-11
624,70,POPLATEK MESICNE,1993-10-11
4260,56,POPLATEK MESICNE,1993-10-14
931,59,POPLATEK MESICNE,1993-10-15
540,75,POPLATEK MESICNE,1993-10-16
3551,6,POPLATEK MESICNE,1993-10-17
4119,77,POPLATEK MESICNE,1993-10-18
1345,28,POPLATEK MESICNE,1993-10-19
1565,36,POPLATEK MESICNE,1993-10-20
2824,11,POPLATEK MESICNE,1993-10-20
2052,61,POPLATEK MESICNE,1993-10-20
1767,21,POPLATEK MESICNE,1993-10-20
2140,75,POPLATEK MESICNE,1993-10-21
3927,56,POPLATEK MESICNE,1993-10-22
2050,1,POPLATEK MESICNE,1993-10-22
2276,31,POPLATEK MESICNE,1993-10-22
126,5,POPLATEK MESICNE,1993-10-23
1789,46,POPLATEK MESICNE,1993-10-23
838,47,POPLATEK MESICNE,1993-10-23
2345,5,POPLATEK MESICNE,1993-10-25
40,64,POPLATEK MESICNE,1993-10-25
397,11,POPLATEK MESICNE,1993-10-26
3146,68,POPLATEK MESICNE,1993-10-26
287,16,POPLATEK MESICNE,1993-10-27
2180,45,POPLATEK MESICNE,1993-10-27
259,2,POPLATEK MESICNE,1993-10-28
4470,16,POPLATEK MESICNE,1993-11-01
2435,38,POPLATEK MESICNE,1993-11-01
542,1,POPLATEK MESICNE,1993-11-01
1123,13,POPLATEK MESICNE,1993-11-01
3225,1,POPLATEK MESICNE,1993-11-01
1133,1,POPLATEK MESICNE,1993-11-01
2250,35,POPLATEK MESICNE,1993-11-02
4079,52,POPLATEK MESICNE,1993-11-03
841,1,POPLATEK MESICNE,1993-11-04
2867,30,POPLATEK MESICNE,1993-11-04
3371,68,POPLATEK MESICNE,1993-11-04
520,60,POPLATEK MESICNE,1993-11-04
3640,10,POPLATEK MESICNE,1993-11-05
3354,63,POPLATEK MESICNE,1993-11-05
107,64,POPLATEK MESICNE,1993-11-05
243,55,POPLATEK TYDNE,1993-11-06
7965,55,POPLATEK MESICNE,1993-11-08
3352,42,POPLATEK MESICNE,1993-11-08
3948,1,POPLATEK MESICNE,1993-11-09
3688,70,POPLATEK MESICNE,1993-11-10
462,29,POPLATEK MESICNE,1993-11-10
321,47,POPLATEK MESICNE,1993-11-11
3548,23,POPLATEK MESICNE,1993-11-11
5984,11,POPLATEK MESICNE,1993-11-11
626,72,POPLATEK MESICNE,1993-11-11
3326,5,POPLATEK MESICNE,1993-11-11
1947,35,POPLATEK MESICNE,1993-11-12
2665,61,POPLATEK MESICNE,1993-11-13
1114,6,POPLATEK TYDNE,1993-11-13
8957,1,POPLATEK MESICNE,1993-11-13
2271,68,POPLATEK MESICNE,1993-11-13
3218,41,POPLATEK MESICNE,1993-11-14
3660,74,POPLATEK MESICNE,1993-11-14
787,10,POPLATEK MESICNE,1993-11-14
3820,1,POPLATEK MESICNE,1993-11-14
10906,76,POPLATEK MESICNE,1993-11-14
9656,61,POPLATEK MESICNE,1993-11-14
2557,40,POPLATEK MESICNE,1993-11-17
3938,57,POPLATEK MESICNE,1993-11-17
1686,11,POPLATEK MESICNE,1993-11-18
10670,60,POPLATEK MESICNE,1993-11-18
3107,5,POPLATEK MESICNE,1993-11-20
8377,29,POPLATEK MESICNE,1993-11-20
345,5,POPLATEK MESICNE,1993-11-20
3571,39,POPLATEK MESICNE,1993-11-21
10439,66,POPLATEK MESICNE,1993-11-21
1302,55,POPLATEK MESICNE,1993-11-21
4343,31,POPLATEK MESICNE,1993-11-22
1235,76,POPLATEK MESICNE,1993-11-23
4385,23,POPLATEK MESICNE,1993-11-23
7449,1,POPLATEK MESICNE,1993-11-24
545,54,POPLATEK MESICNE,1993-11-24
245,65,POPLATEK MESICNE,1993-11-25
6806,1,POPLATEK MESICNE,1993-11-26
2419,24,POPLATEK MESICNE,1993-11-27
10131,1,POPLATEK MESICNE,1993-11-27
651,72,POPLATEK MESICNE,1993-11-28
2989,4,POPLATEK MESICNE,1993-11-28
1499,47,POPLATEK MESICNE,1993-11-28
3570,44,POPLATEK MESICNE,1993-11-29
1621,75,POPLATEK MESICNE,1993-12-01
290,56,POPLATEK MESICNE,1993-12-02
3087,15,POPLATEK MESICNE,1993-12-04
956,74,POPLATEK MESICNE,1993-12-05
884,2,POPLATEK MESICNE,1993-12-07
3223,1,POPLATEK MESICNE,1993-12-07
2306,38,POPLATEK MESICNE,1993-12-08
1673,53,POPLATEK MESICNE,1993-12-08
10663,11,POPLATEK MESICNE,1993-12-08
1970,8,POPLATEK MESICNE,1993-12-08
358,12,POPLATEK MESICNE,1993-12-09
2980,66,POPLATEK MESICNE,1993-12-09
3380,64,POPLATEK MESICNE,1993-12-10
2128,22,POPLATEK MESICNE,1993-12-10
391,36,POPLATEK MESICNE,1993-12-11
1588,67,POPLATEK MESICNE,1993-12-11
183,43,POPLATEK MESICNE,1993-12-12
365,74,POPLATEK MESICNE,1993-12-12
3196,1,POPLATEK MESICNE,1993-12-13
2928,55,POPLATEK MESICNE,1993-12-14
1225,4,POPLATEK MESICNE,1993-12-14
180,55,POPLATEK TYDNE,1993-12-14
1605,72,POPLATEK MESICNE,1993-12-16
1792,7,POPLATEK MESICNE,1993-12-16
1604,54,POPLATEK MESICNE,1993-12-16
883,1,POPLATEK MESICNE,1993-12-17
1088,32,POPLATEK MESICNE,1993-12-19
3094,56,POPLATEK MESICNE,1993-12-20
2257,57,POPLATEK MESICNE,1993-12-21
719,30,POPLATEK MESICNE,1993-12-21
3292,1,POPLATEK MESICNE,1993-12-21
3604,75,POPLATEK MESICNE,1993-12-22
3056,55,POPLATEK MESICNE,1993-12-22
2971,76,POPLATEK TYDNE,1993-12-23
3197,1,POPLATEK MESICNE,1993-12-25
7944,59,POPLATEK MESICNE,1993-12-27
6148,74,POPLATEK MESICNE,1993-12-27
2010,1,POPLATEK MESICNE,1993-12-27
3135,72,POPLATEK MESICNE,1993-12-27
1098,47,POPLATEK MESICNE,1993-12-28
1153,35,POPLATEK MESICNE,1993-12-29
1635,19,POPLATEK MESICNE,1993-12-29
3759,1,POPLATEK MESICNE,1993-12-29
2778,38,POPLATEK MESICNE,1993-12-30
2161,15,POPLATEK TYDNE,1993-12-30
2789,14,POPLATEK MESICNE,1994-01-01
628,72,POPLATEK MESICNE,1994-01-03
2673,34,POPLATEK MESICNE,1994-01-04
1788,1,POPLATEK MESICNE,1994-01-04
969,19,POPLATEK MESICNE,1994-01-08
2179,1,POPLATEK TYDNE,1994-01-14
4774,66,POPLATEK MESICNE,1994-01-14
1627,1,POPLATEK MESICNE,1994-01-20
4356,47,POPLATEK MESICNE,1994-01-26
726,76,POPLATEK MESICNE,1994-02-03
4907,42,POPLATEK MESICNE,1994-02-06
3898,70,POPLATEK MESICNE,1994-02-07
1770,65,POPLATEK MESICNE,1994-02-08
2472,60,POPLATEK MESICNE,1994-02-08
1159,49,POPLATEK MESICNE,1994-02-09
4418,66,POPLATEK MESICNE,1994-02-09
1470,19,POPLATEK MESICNE,1994-02-10
2315,75,POPLATEK MESICNE,1994-02-13
3184,1,POPLATEK MESICNE,1994-02-18
370,25,POPLATEK MESICNE,1994-02-18
1317,56,POPLATEK MESICNE,1994-02-18
3840,76,POPLATEK MESICNE,1994-02-19
4009,56,POPLATEK MESICNE,1994-02-20
3445,1,POPLATEK MESICNE,1994-02-22
974,29,POPLATEK MESICNE,1994-02-25
2959,8,POPLATEK MESICNE,1994-02-25
1169,49,POPLATEK PO OBRATU,1994-03-02
1406,50,POPLATEK MESICNE,1994-03-04
2382,59,POPLATEK MESICNE,1994-03-08
1570,1,POPLATEK MESICNE,1994-03-12
1511,51,POPLATEK PO OBRATU,1994-03-13
1237,9,POPLATEK MESICNE,1994-03-13
989,19,POPLATEK MESICNE,1994-03-14
3253,71,POPLATEK PO OBRATU,1994-03-15
817,5,POPLATEK MESICNE,1994-03-18
3824,41,POPLATEK MESICNE,1994-03-20
22,1,POPLATEK MESICNE,1994-03-23
470,64,POPLATEK MESICNE,1994-03-23
1273,37,POPLATEK MESICNE,1994-03-25
59,43,POPLATEK MESICNE,1994-03-27
572,32,POPLATEK MESICNE,1994-03-27
1269,52,POPLATEK MESICNE,1994-03-28
3183,45,POPLATEK MESICNE,1994-04-01
1042,43,POPLATEK MESICNE,1994-04-03
1158,50,POPLATEK MESICNE,1994-04-03
740,28,POPLATEK MESICNE,1994-04-04
2067,76,POPLATEK MESICNE,1994-04-07
4259,66,POPLATEK MESICNE,1994-04-08
1918,24,POPLATEK MESICNE,1994-04-10
3036,10,POPLATEK MESICNE,1994-04-10
3259,1,POPLATEK MESICNE,1994-04-11
1194,1,POPLATEK MESICNE,1994-04-15
460,1,POPLATEK MESICNE,1994-04-18
1256,38,POPLATEK MESICNE,1994-04-21
1353,51,POPLATEK MESICNE,1994-04-21
1820,10,POPLATEK MESICNE,1994-04-22
2399,1,POPLATEK MESICNE,1994-04-26
343,18,POPLATEK MESICNE,1994-04-26
575,38,POPLATEK MESICNE,1994-04-26
31,68,POPLATEK MESICNE,1994-04-27
1371,1,POPLATEK MESICNE,1994-04-27
844,53,POPLATEK MESICNE,1994-04-28
2092,1,POPLATEK MESICNE,1994-04-29
277,32,POPLATEK PO OBRATU,1994-05-01
1388,29,POPLATEK MESICNE,1994-05-02
4245,52,POPLATEK MESICNE,1994-05-02
3838,3,POPLATEK MESICNE,1994-05-02
524,61,POPLATEK MESICNE,1994-05-03
82,26,POPLATEK MESICNE,1994-05-03
3912,2,POPLATEK MESICNE,1994-05-04
1949,41,POPLATEK MESICNE,1994-05-04
1865,1,POPLATEK MESICNE,1994-05-04
363,1,POPLATEK MESICNE,1994-05-06
2847,75,POPLATEK MESICNE,1994-05-08
1871,48,POPLATEK MESICNE,1994-05-10
266,47,POPLATEK MESICNE,1994-05-11
609,63,POPLATEK MESICNE,1994-05-15
9750,74,POPLATEK MESICNE,1994-05-16
649,69,POPLATEK TYDNE,1994-05-17
1509,51,POPLATEK MESICNE,1994-05-19
2170,1,POPLATEK PO OBRATU,1994-05-19
2903,38,POPLATEK MESICNE,1994-05-19
3717,56,POPLATEK MESICNE,1994-05-20
2496,51,POPLATEK MESICNE,1994-05-21
1826,5,POPLATEK MESICNE,1994-05-22
2227,31,POPLATEK TYDNE,1994-05-22
535,35,POPLATEK MESICNE,1994-05-24
1053,57,POPLATEK MESICNE,1994-05-25
1838,68,POPLATEK MESICNE,1994-05-26
3484,22,POPLATEK MESICNE,1994-06-01
700,20,POPLATEK MESICNE,1994-06-01
3289,1,POPLATEK MESICNE,1994-06-02
2638,5,POPLATEK MESICNE,1994-06-02
3650,8,POPLATEK MESICNE,1994-06-05
10942,44,POPLATEK TYDNE,1994-06-05
2922,16,POPLATEK MESICNE,1994-06-06
693,2,POPLATEK MESICNE,1994-06-06
2260,1,POPLATEK MESICNE,1994-06-07
538,70,POPLATEK MESICNE,1994-06-07
2155,58,POPLATEK MESICNE,1994-06-08
4519,8,POPLATEK MESICNE,1994-06-08
6511,72,POPLATEK MESICNE,1994-06-10
2569,2,POPLATEK MESICNE,1994-06-10
43,36,POPLATEK MESICNE,1994-06-12
1047,46,POPLATEK MESICNE,1994-06-13
3479,22,POPLATEK MESICNE,1994-06-14
2868,1,POPLATEK MESICNE,1994-06-15
4328,72,POPLATEK MESICNE,1994-06-17
5628,61,POPLATEK MESICNE,1994-06-17
1856,26,POPLATEK MESICNE,1994-06-19
154,46,POPLATEK MESICNE,1994-06-21
3030,65,POPLATEK MESICNE,1994-06-22
1938,1,POPLATEK MESICNE,1994-06-25
8492,2,POPLATEK MESICNE,1994-06-29
10093,1,POPLATEK TYDNE,1994-07-01
200,17,POPLATEK MESICNE,1994-07-03
2471,6,POPLATEK MESICNE,1994-07-03
964,26,POPLATEK MESICNE,1994-07-08
901,60,POPLATEK MESICNE,1994-07-10
5574,13,POPLATEK TYDNE,1994-07-14
2819,35,POPLATEK MESICNE,1994-07-16
3921,18,POPLATEK MESICNE,1994-07-17
2654,56,POPLATEK MESICNE,1994-07-21
9627,65,POPLATEK PO OBRATU,1994-07-22
427,8,POPLATEK MESICNE,1994-07-24
709,19,POPLATEK MESICNE,1994-07-25
2606,1,POPLATEK MESICNE,1994-07-27
6738,62,POPLATEK MESICNE,1994-07-28
2912,74,POPLATEK MESICNE,1994-07-30
1797,24,POPLATEK MESICNE,1994-08-01
3497,76,POPLATEK MESICNE,1994-08-02
1848,1,POPLATEK MESICNE,1994-08-04
582,12,POPLATEK MESICNE,1994-08-05
3167,18,POPLATEK MESICNE,1994-08-08
1017,14,POPLATEK MESICNE,1994-08-11
2747,1,POPLATEK MESICNE,1994-08-14
9192,1,POPLATEK MESICNE,1994-08-16
1398,62,POPLATEK MESICNE,1994-08-18
1592,38,POPLATEK MESICNE,1994-08-18
3728,10,POPLATEK MESICNE,1994-08-18
4131,5,POPLATEK MESICNE,1994-08-19
1911,68,POPLATEK MESICNE,1994-08-21
3625,3,POPLATEK MESICNE,1994-08-22
1327,65,POPLATEK MESICNE,1994-08-24
2401,16,POPLATEK MESICNE,1994-08-26
3226,65,POPLATEK MESICNE,1994-08-28
422,53,POPLATEK TYDNE,1994-08-29
3478,30,POPLATEK MESICNE,1994-09-04
8899,1,POPLATEK TYDNE,1994-09-05
1975,19,POPLATEK MESICNE,1994-09-07
3730,17,POPLATEK MESICNE,1994-09-08
518,74,POPLATEK MESICNE,1994-09-09
6321,1,POPLATEK MESICNE,1994-09-10
3926,72,POPLATEK MESICNE,1994-09-11
2030,51,POPLATEK MESICNE,1994-09-13
3869,72,POPLATEK MESICNE,1994-09-13
3142,2,POPLATEK MESICNE,1994-09-14
1301,18,POPLATEK MESICNE,1994-09-15
3288,54,POPLATEK MESICNE,1994-09-15
318,36,POPLATEK MESICNE,1994-09-16
3336,51,POPLATEK MESICNE,1994-09-19
1989,48,POPLATEK MESICNE,1994-09-21
851,15,POPLATEK MESICNE,1994-09-23
6,51,POPLATEK MESICNE,1994-09-27
1828,1,POPLATEK MESICNE,1994-09-28
1333,21,POPLATEK MESICNE,1994-09-29
11359,61,POPLATEK MESICNE,1994-10-01
3457,54,POPLATEK MESICNE,1994-10-01
2025,19,POPLATEK MESICNE,1994-10-02
3827,1,POPLATEK MESICNE,1994-10-04
939,55,POPLATEK MESICNE,1994-10-04
3878,23,POPLATEK MESICNE,1994-10-07
2363,47,POPLATEK MESICNE,1994-10-07
2059,37,POPLATEK MESICNE,1994-10-08
2333,45,POPLATEK MESICNE,1994-10-08
3074,74,POPLATEK TYDNE,1994-10-08
596,31,POPLATEK MESICNE,1994-10-13
1312,23,POPLATEK MESICNE,1994-10-15
2924,56,POPLATEK MESICNE,1994-10-16
3756,39,POPLATEK TYDNE,1994-10-17
2790,1,POPLATEK MESICNE,1994-10-18
5422,66,POPLATEK MESICNE,1994-10-22
988,10,POPLATEK MESICNE,1994-10-22
1109,66,POPLATEK MESICNE,1994-10-27
1295,15,POPLATEK MESICNE,1994-10-28
3419,1,POPLATEK MESICNE,1994-10-29
960,4,POPLATEK PO OBRATU,1994-11-02
201,63,POPLATEK MESICNE,1994-11-02
3663,67,POPLATEK MESICNE,1994-11-06
3576,58,POPLATEK MESICNE,1994-11-07
2541,57,POPLATEK MESICNE,1994-11-08
2572,64,POPLATEK PO OBRATU,1994-11-13
2377,77,POPLATEK MESICNE,1994-11-13
2218,19,POPLATEK MESICNE,1994-11-21
1708,22,POPLATEK MESICNE,1994-11-21
11186,12,POPLATEK MESICNE,1994-11-24
29,7,POPLATEK MESICNE,1994-11-24
106,63,POPLATEK MESICNE,1994-11-27
2707,61,POPLATEK MESICNE,1994-11-27
2027,19,POPLATEK MESICNE,1994-11-28
3369,8,POPLATEK MESICNE,1994-12-01
9731,54,POPLATEK PO OBRATU,1994-12-01
1578,48,POPLATEK MESICNE,1994-12-01
8411,20,POPLATEK MESICNE,1994-12-02
1307,56,POPLATEK MESICNE,1994-12-05
1436,3,POPLATEK MESICNE,1994-12-07
3348,4,POPLATEK MESICNE,1994-12-08
2809,73,POPLATEK MESICNE,1994-12-08
3279,46,POPLATEK TYDNE,1994-12-17
8856,15,POPLATEK MESICNE,1994-12-18
2808,1,POPLATEK MESICNE,1994-12-18
5357,70,POPLATEK MESICNE,1994-12-18
3903,58,POPLATEK MESICNE,1994-12-19
802,15,POPLATEK MESICNE,1994-12-20
3567,5,POPLATEK MESICNE,1994-12-20
1417,75,POPLATEK MESICNE,1994-12-20
3643,1,POPLATEK MESICNE,1994-12-22
10728,71,POPLATEK MESICNE,1994-12-23
2384,40,POPLATEK MESICNE,1994-12-23
1835,74,POPLATEK MESICNE,1994-12-24
1394,32,POPLATEK MESICNE,1994-12-27
3482,70,POPLATEK MESICNE,1995-01-03
4503,50,POPLATEK MESICNE,1995-01-03
2077,29,POPLATEK MESICNE,1995-01-04
685,37,POPLATEK TYDNE,1995-01-04
2163,17,POPLATEK MESICNE,1995-01-05
2239,25,POPLATEK MESICNE,1995-01-05
1706,1,POPLATEK MESICNE,1995-01-05
7795,64,POPLATEK MESICNE,1995-01-05
2978,74,POPLATEK MESICNE,1995-01-06
3141,1,POPLATEK TYDNE,1995-01-06
3250,1,POPLATEK MESICNE,1995-01-06
5650,10,POPLATEK PO OBRATU,1995-01-08
8092,54,POPLATEK MESICNE,1995-01-11
1437,50,POPLATEK MESICNE,1995-01-13
3981,23,POPLATEK MESICNE,1995-01-15
3812,72,POPLATEK MESICNE,1995-01-16
4368,1,POPLATEK MESICNE,1995-01-16
2446,3,POPLATEK MESICNE,1995-01-16
839,16,POPLATEK MESICNE,1995-01-17
3777,70,POPLATEK MESICNE,1995-01-19
2414,1,POPLATEK MESICNE,1995-01-19
484,1,POPLATEK MESICNE,1995-01-20
9030,72,POPLATEK MESICNE,1995-01-21
2663,64,POPLATEK MESICNE,1995-01-25
4103,38,POPLATEK MESICNE,1995-01-25
3362,73,POPLATEK MESICNE,1995-01-25
2755,20,POPLATEK MESICNE,1995-01-26
795,25,POPLATEK MESICNE,1995-01-27
1548,47,POPLATEK MESICNE,1995-01-27
4001,54,POPLATEK MESICNE,1995-02-04
1496,57,POPLATEK MESICNE,1995-02-05
2968,15,POPLATEK MESICNE,1995-02-05
1889,59,POPLATEK MESICNE,1995-02-06
789,39,POPLATEK MESICNE,1995-02-06
7614,62,POPLATEK MESICNE,1995-02-08
2151,38,POPLATEK MESICNE,1995-02-08
3865,50,POPLATEK MESICNE,1995-02-09
4109,54,POPLATEK MESICNE,1995-02-09
3817,70,POPLATEK MESICNE,1995-02-10
2268,1,POPLATEK MESICNE,1995-02-11
3623,59,POPLATEK MESICNE,1995-02-12
3466,64,POPLATEK MESICNE,1995-02-16
3297,53,POPLATEK MESICNE,1995-02-17
607,16,POPLATEK MESICNE,1995-02-17
1858,72,POPLATEK MESICNE,1995-02-18
70,8,POPLATEK MESICNE,1995-02-18
2688,72,POPLATEK MESICNE,1995-02-20
1772,31,POPLATEK TYDNE,1995-02-20
2490,22,POPLATEK MESICNE,1995-02-21
763,1,POPLATEK MESICNE,1995-02-23
4161,1,POPLATEK MESICNE,1995-02-23
2431,74,POPLATEK MESICNE,1995-02-23
3753,28,POPLATEK MESICNE,1995-02-24
3710,1,POPLATEK MESICNE,1995-02-25
1702,56,POPLATEK MESICNE,1995-02-27
190,74,POPLATEK MESICNE,1995-03-02
3014,75,POPLATEK TYDNE,1995-03-03
3233,31,POPLATEK MESICNE,1995-03-03
9897,1,POPLATEK MESICNE,1995-03-04
30,36,POPLATEK MESICNE,1995-03-04
3826,34,POPLATEK MESICNE,1995-03-05
376,25,POPLATEK MESICNE,1995-03-05
1802,75,POPLATEK MESICNE,1995-03-10
7859,52,POPLATEK MESICNE,1995-03-14
6397,48,POPLATEK MESICNE,1995-03-15
3402,76,POPLATEK TYDNE,1995-03-16
1261,52,POPLATEK MESICNE,1995-03-18
2856,25,POPLATEK MESICNE,1995-03-18
288,25,POPLATEK MESICNE,1995-03-18
1174,70,POPLATEK MESICNE,1995-03-21
5541,43,POPLATEK MESICNE,1995-03-24
1,18,POPLATEK MESICNE,1995-03-24
767,25,POPLATEK MESICNE,1995-03-26
608,32,POPLATEK MESICNE,1995-03-27
227,27,POPLATEK MESICNE,1995-03-28
1254,74,POPLATEK MESICNE,1995-03-28
1540,1,POPLATEK MESICNE,1995-03-29
95,1,POPLATEK MESICNE,1995-03-30
2540,54,POPLATEK MESICNE,1995-04-01
5126,58,POPLATEK MESICNE,1995-04-03
2203,47,POPLATEK MESICNE,1995-04-04
6910,76,POPLATEK MESICNE,1995-04-04
3147,54,POPLATEK MESICNE,1995-04-05
19,21,POPLATEK MESICNE,1995-04-07
842,62,POPLATEK MESICNE,1995-04-07
1821,70,POPLATEK MESICNE,1995-04-07
3109,18,POPLATEK MESICNE,1995-04-08
7136,12,POPLATEK TYDNE,1995-04-09
2750,13,POPLATEK MESICNE,1995-04-13
1046,1,POPLATEK MESICNE,1995-04-14
1309,1,POPLATEK MESICNE,1995-04-15
1315,13,POPLATEK MESICNE,1995-04-17
5724,14,POPLATEK PO OBRATU,1995-04-19
3823,74,POPLATEK MESICNE,1995-04-19
7861,34,POPLATEK MESICNE,1995-04-22
819,20,POPLATEK MESICNE,1995-04-22
267,38,POPLATEK MESICNE,1995-04-26
922,61,POPLATEK MESICNE,1995-04-27
2751,31,POPLATEK MESICNE,1995-04-28
404,41,POPLATEK MESICNE,1995-04-28
1248,22,POPLATEK MESICNE,1995-04-29
1280,70,POPLATEK MESICNE,1995-05-03
10351,23,POPLATEK MESICNE,1995-05-04
3936,39,POPLATEK MESICNE,1995-05-04
5194,1,POPLATEK PO OBRATU,1995-05-05
3464,25,POPLATEK MESICNE,1995-05-05
1183,12,POPLATEK MESICNE,1995-05-08
4105,58,POPLATEK MESICNE,1995-05-08
2919,77,POPLATEK MESICNE,1995-05-10
746,75,POPLATEK MESICNE,1995-05-10
256,37,POPLATEK MESICNE,1995-05-14
2178,64,POPLATEK MESICNE,1995-05-15
544,32,POPLATEK MESICNE,1995-05-15
1720,35,POPLATEK MESICNE,1995-05-16
3251,59,POPLATEK MESICNE,1995-05-18
5358,4,POPLATEK MESICNE,1995-05-18
10963,16,POPLATEK MESICNE,1995-05-20
57,1,POPLATEK MESICNE,1995-05-21
3386,2,POPLATEK MESICNE,1995-05-23
8998,61,POPLATEK MESICNE,1995-05-24
11349,1,POPLATEK TYDNE,1995-05-26
6358,3,POPLATEK MESICNE,1995-05-27
1059,8,POPLATEK MESICNE,1995-05-30
3624,32,POPLATEK TYDNE,1995-05-30
2559,32,POPLATEK MESICNE,1995-06-01
2018,42,POPLATEK MESICNE,1995-06-04
2877,37,POPLATEK MESICNE,1995-06-04
471,47,POPLATEK MESICNE,1995-06-07
53,77,POPLATEK MESICNE,1995-06-07
1465,30,POPLATEK MESICNE,1995-06-08
4121,54,POPLATEK MESICNE,1995-06-08
754,1,POPLATEK MESICNE,1995-06-08
3453,13,POPLATEK MESICNE,1995-06-08
3725,33,POPLATEK MESICNE,1995-06-11
896,3,POPLATEK MESICNE,1995-06-11
131,52,POPLATEK MESICNE,1995-06-13
7618,72,POPLATEK TYDNE,1995-06-13
3847,33,POPLATEK MESICNE,1995-06-13
10019,8,POPLATEK MESICNE,1995-06-15
120,65,POPLATEK TYDNE,1995-06-16
2297,46,POPLATEK MESICNE,1995-06-18
7184,5,POPLATEK MESICNE,1995-06-19
3810,43,POPLATEK MESICNE,1995-06-22
1728,74,POPLATEK MESICNE,1995-06-23
3363,30,POPLATEK MESICNE,1995-06-24
1725,72,POPLATEK PO OBRATU,1995-07-03
3410,39,POPLATEK MESICNE,1995-07-03
5742,74,POPLATEK PO OBRATU,1995-07-05
4415,73,POPLATEK MESICNE,1995-07-05
4330,47,POPLATEK MESICNE,1995-07-05
6649,1,POPLATEK MESICNE,1995-07-08
3779,74,POPLATEK MESICNE,1995-07-08
2307,60,POPLATEK MESICNE,1995-07-12
1075,35,POPLATEK MESICNE,1995-07-13
3895,27,POPLATEK MESICNE,1995-07-14
1220,1,POPLATEK MESICNE,1995-07-15
1344,12,POPLATEK PO OBRATU,1995-07-16
1251,34,POPLATEK TYDNE,1995-07-18
2244,46,POPLATEK MESICNE,1995-07-19
2310,15,POPLATEK MESICNE,1995-07-19
1994,42,POPLATEK MESICNE,1995-07-19
1472,2,POPLATEK MESICNE,1995-07-20
4081,11,POPLATEK MESICNE,1995-07-22
10018,8,POPLATEK MESICNE,1995-07-23
2553,41,POPLATEK MESICNE,1995-07-24
1252,13,POPLATEK TYDNE,1995-07-26
1803,24,POPLATEK MESICNE,1995-07-29
2577,7,POPLATEK MESICNE,1995-07-30
675,58,POPLATEK MESICNE,1995-08-03
2830,20,POPLATEK MESICNE,1995-08-04
5118,72,POPLATEK MESICNE,1995-08-05
3270,30,POPLATEK MESICNE,1995-08-08
1520,48,POPLATEK MESICNE,1995-08-08
8327,1,POPLATEK TYDNE,1995-08-08
1203,72,POPLATEK MESICNE,1995-08-09
2206,45,POPLATEK MESICNE,1995-08-10
3216,3,POPLATEK MESICNE,1995-08-11
1122,13,POPLATEK MESICNE,1995-08-12
786,53,POPLATEK MESICNE,1995-08-12
3631,1,POPLATEK MESICNE,1995-08-13
3896,45,POPLATEK MESICNE,1995-08-17
531,31,POPLATEK MESICNE,1995-08-18
6856,43,POPLATEK MESICNE,1995-08-19
11382,74,POPLATEK MESICNE,1995-08-20
2858,56,POPLATEK MESICNE,1995-08-22
995,64,POPLATEK MESICNE,1995-08-23
3315,23,POPLATEK MESICNE,1995-08-24
3582,19,POPLATEK MESICNE,1995-08-26
937,43,POPLATEK MESICNE,1995-08-26
5066,13,POPLATEK TYDNE,1995-08-27
2236,73,POPLATEK MESICNE,1995-08-27
3995,12,POPLATEK MESICNE,1995-08-27
3254,36,POPLATEK MESICNE,1995-08-27
32,5,POPLATEK MESICNE,1995-08-28
213,73,POPLATEK MESICNE,1995-08-29
2833,64,POPLATEK MESICNE,1995-08-30
9052,43,POPLATEK PO OBRATU,1995-08-30
1961,13,POPLATEK MESICNE,1995-08-30
353,24,POPLATEK MESICNE,1995-08-30
1640,13,POPLATEK MESICNE,1995-09-01
10365,22,POPLATEK MESICNE,1995-09-02
429,63,POPLATEK MESICNE,1995-09-03
3855,33,POPLATEK MESICNE,1995-09-04
3866,60,POPLATEK MESICNE,1995-09-05
3914,33,POPLATEK MESICNE,1995-09-05
3807,53,POPLATEK MESICNE,1995-09-05
219,28,POPLATEK MESICNE,1995-09-06
3552,62,POPLATEK MESICNE,1995-09-06
619,1,POPLATEK TYDNE,1995-09-09
301,60,POPLATEK MESICNE,1995-09-10
372,55,POPLATEK MESICNE,1995-09-10
3492,33,POPLATEK MESICNE,1995-09-10
1613,1,POPLATEK MESICNE,1995-09-13
2866,43,POPLATEK MESICNE,1995-09-13
3010,46,POPLATEK MESICNE,1995-09-13
3368,24,POPLATEK MESICNE,1995-09-14
5125,1,POPLATEK MESICNE,1995-09-14
1674,1,POPLATEK MESICNE,1995-09-15
3234,1,POPLATEK MESICNE,1995-09-16
9377,1,POPLATEK MESICNE,1995-09-17
1376,64,POPLATEK MESICNE,1995-09-20
11271,5,POPLATEK MESICNE,1995-09-20
2119,74,POPLATEK MESICNE,1995-09-21
8,57,POPLATEK MESICNE,1995-09-21
1704,70,POPLATEK MESICNE,1995-09-22
1660,1,POPLATEK MESICNE,1995-09-22
5429,71,POPLATEK MESICNE,1995-09-22
80,43,POPLATEK MESICNE,1995-09-27
331,65,POPLATEK MESICNE,1995-10-02
2565,74,POPLATEK MESICNE,1995-10-04
4190,62,POPLATEK MESICNE,1995-10-04
1690,16,POPLATEK MESICNE,1995-10-07
3132,56,POPLATEK MESICNE,1995-10-08
3944,22,POPLATEK MESICNE,1995-10-08
1427,17,POPLATEK MESICNE,1995-10-08
2301,22,POPLATEK MESICNE,1995-10-10
11,76,POPLATEK MESICNE,1995-10-10
5063,43,POPLATEK MESICNE,1995-10-11
1257,66,POPLATEK MESICNE,1995-10-11
990,17,POPLATEK MESICNE,1995-10-11
1581,39,POPLATEK MESICNE,1995-10-12
2424,1,POPLATEK MESICNE,1995-10-13
917,56,POPLATEK MESICNE,1995-10-13
1796,18,POPLATEK MESICNE,1995-10-14
1749,64,POPLATEK MESICNE,1995-10-14
4650,4,POPLATEK MESICNE,1995-10-15
336,62,POPLATEK MESICNE,1995-10-16
1142,74,POPLATEK MESICNE,1995-10-19
3200,17,POPLATEK PO OBRATU,1995-10-20
3646,63,POPLATEK TYDNE,1995-10-20
1206,70,POPLATEK MESICNE,1995-10-21
501,13,POPLATEK MESICNE,1995-10-21
2487,42,POPLATEK MESICNE,1995-10-22
10762,1,POPLATEK MESICNE,1995-10-23
3131,21,POPLATEK MESICNE,1995-10-23
2727,1,POPLATEK MESICNE,1995-10-25
2621,55,POPLATEK MESICNE,1995-10-29
1238,1,POPLATEK MESICNE,1995-10-29
10710,19,POPLATEK MESICNE,1995-10-30
1403,17,POPLATEK MESICNE,1995-11-02
1629,10,POPLATEK MESICNE,1995-11-02
820,74,POPLATEK MESICNE,1995-11-04
257,11,POPLATEK MESICNE,1995-11-05
155,58,POPLATEK MESICNE,1995-11-07
3945,50,POPLATEK MESICNE,1995-11-07
2157,77,POPLATEK MESICNE,1995-11-08
2051,64,POPLATEK TYDNE,1995-11-08
3061,76,POPLATEK MESICNE,1995-11-08
3111,60,POPLATEK MESICNE,1995-11-08
1691,48,POPLATEK MESICNE,1995-11-08
1044,14,POPLATEK MESICNE,1995-11-09
9790,52,POPLATEK MESICNE,1995-11-09
1599,57,POPLATEK MESICNE,1995-11-10
968,74,POPLATEK MESICNE,1995-11-11
1760,53,POPLATEK MESICNE,1995-11-11
1030,57,POPLATEK MESICNE,1995-11-12
3767,1,POPLATEK MESICNE,1995-11-15
348,25,POPLATEK MESICNE,1995-11-15
2516,6,POPLATEK MESICNE,1995-11-16
933,21,POPLATEK MESICNE,1995-11-18
1700,64,POPLATEK MESICNE,1995-11-18
2836,42,POPLATEK MESICNE,1995-11-18
3148,33,POPLATEK MESICNE,1995-11-19
1357,56,POPLATEK MESICNE,1995-11-20
486,33,POPLATEK MESICNE,1995-11-21
1395,1,POPLATEK MESICNE,1995-11-21
9017,70,POPLATEK MESICNE,1995-11-22
10411,39,POPLATEK PO OBRATU,1995-11-23
2015,68,POPLATEK MESICNE,1995-11-25
337,17,POPLATEK MESICNE,1995-11-25
3780,44,POPLATEK MESICNE,1995-11-25
557,1,POPLATEK MESICNE,1995-11-26
3490,48,POPLATEK MESICNE,1995-11-26
3973,20,POPLATEK MESICNE,1995-11-27
3525,70,POPLATEK MESICNE,1995-12-01
3320,1,POPLATEK MESICNE,1995-12-01
2851,17,POPLATEK MESICNE,1995-12-02
2309,18,POPLATEK MESICNE,1995-12-03
2437,1,POPLATEK MESICNE,1995-12-04
1825,3,POPLATEK MESICNE,1995-12-05
474,61,POPLATEK MESICNE,1995-12-06
633,57,POPLATEK MESICNE,1995-12-06
2374,1,POPLATEK MESICNE,1995-12-07
2237,26,POPLATEK MESICNE,1995-12-13
1685,28,POPLATEK MESICNE,1995-12-13
791,49,POPLATEK MESICNE,1995-12-14
3858,2,POPLATEK MESICNE,1995-12-14
5001,53,POPLATEK MESICNE,1995-12-15
1469,67,POPLATEK MESICNE,1995-12-15
3476,3,POPLATEK MESICNE,1995-12-16
8039,9,POPLATEK MESICNE,1995-12-17
1212,70,POPLATEK MESICNE,1995-12-18
2095,56,POPLATEK MESICNE,1995-12-19
522,17,POPLATEK MESICNE,1995-12-20
2630,64,POPLATEK MESICNE,1995-12-21
4269,26,POPLATEK MESICNE,1995-12-24
3338,25,POPLATEK MESICNE,1995-12-24
3655,1,POPLATEK MESICNE,1995-12-24
4439,30,POPLATEK MESICNE,1995-12-25
4462,73,POPLATEK TYDNE,1995-12-27
3814,74,POPLATEK MESICNE,1995-12-27
3273,74,POPLATEK MESICNE,1995-12-29
3559,18,POPLATEK MESICNE,1995-12-30
3968,36,POPLATEK MESICNE,1996-01-01
849,1,POPLATEK MESICNE,1996-01-01
2288,69,POPLATEK MESICNE,1996-01-01
1670,12,POPLATEK MESICNE,1996-01-02
1455,66,POPLATEK MESICNE,1996-01-03
6678,54,POPLATEK MESICNE,1996-01-03
2233,43,POPLATEK MESICNE,1996-01-03
3530,34,POPLATEK MESICNE,1996-01-03
7828,36,POPLATEK MESICNE,1996-01-05
1711,63,POPLATEK MESICNE,1996-01-05
2223,44,POPLATEK MESICNE,1996-01-05
3238,47,POPLATEK MESICNE,1996-01-07
954,74,POPLATEK MESICNE,1996-01-08
9633,70,POPLATEK MESICNE,1996-01-08
1580,69,POPLATEK MESICNE,1996-01-08
1483,10,POPLATEK MESICNE,1996-01-09
3937,76,POPLATEK MESICNE,1996-01-10
658,4,POPLATEK MESICNE,1996-01-10
3661,50,POPLATEK MESICNE,1996-01-11
4994,1,POPLATEK TYDNE,1996-01-11
3949,54,POPLATEK MESICNE,1996-01-11
69,64,POPLATEK MESICNE,1996-01-12
3673,30,POPLATEK MESICNE,1996-01-12
5267,4,POPLATEK MESICNE,1996-01-12
3170,1,POPLATEK MESICNE,1996-01-12
1632,18,POPLATEK TYDNE,1996-01-13
1227,69,POPLATEK MESICNE,1996-01-13
204,67,POPLATEK MESICNE,1996-01-13
1093,54,POPLATEK MESICNE,1996-01-14
4253,43,POPLATEK MESICNE,1996-01-16
1196,29,POPLATEK MESICNE,1996-01-16
9051,5,POPLATEK TYDNE,1996-01-17
3373,27,POPLATEK MESICNE,1996-01-18
2844,43,POPLATEK MESICNE,1996-01-19
3755,64,POPLATEK MESICNE,1996-01-20
1298,7,POPLATEK MESICNE,1996-01-20
1139,34,POPLATEK PO OBRATU,1996-01-20
660,68,POPLATEK MESICNE,1996-01-20
2863,14,POPLATEK MESICNE,1996-01-21
2274,66,POPLATEK MESICNE,1996-01-21
2522,36,POPLATEK MESICNE,1996-01-21
771,22,POPLATEK MESICNE,1996-01-22
1508,69,POPLATEK MESICNE,1996-01-22
3947,76,POPLATEK MESICNE,1996-01-23
2416,5,POPLATEK MESICNE,1996-01-23
1759,39,POPLATEK MESICNE,1996-01-25
2754,57,POPLATEK TYDNE,1996-01-26
3009,1,POPLATEK MESICNE,1996-01-26
314,15,POPLATEK PO OBRATU,1996-01-26
554,26,POPLATEK MESICNE,1996-01-26
2217,73,POPLATEK MESICNE,1996-01-27
976,77,POPLATEK MESICNE,1996-01-27
1439,11,POPLATEK MESICNE,1996-01-27
3084,59,POPLATEK TYDNE,1996-01-28
4204,21,POPLATEK MESICNE,1996-01-29
414,1,POPLATEK MESICNE,1996-01-29
4424,48,POPLATEK MESICNE,1996-01-29
3389,13,POPLATEK MESICNE,1996-01-30
10558,40,POPLATEK MESICNE,1996-02-01
1859,50,POPLATEK MESICNE,1996-02-02
2109,34,POPLATEK MESICNE,1996-02-02
1977,41,POPLATEK MESICNE,1996-02-03
5181,75,POPLATEK MESICNE,1996-02-03
2635,27,POPLATEK MESICNE,1996-02-04
4851,52,POPLATEK MESICNE,1996-02-04
2774,42,POPLATEK MESICNE,1996-02-05
2469,11,POPLATEK MESICNE,1996-02-05
3931,28,POPLATEK MESICNE,1996-02-05
804,64,POPLATEK MESICNE,1996-02-06
2890,69,POPLATEK MESICNE,1996-02-07
2719,10,POPLATEK MESICNE,1996-02-08
516,6,POPLATEK MESICNE,1996-02-08
2551,5,POPLATEK MESICNE,1996-02-08
2499,2,POPLATEK MESICNE,1996-02-08
2893,39,POPLATEK MESICNE,1996-02-08
1922,60,POPLATEK MESICNE,1996-02-09
264,15,POPLATEK MESICNE,1996-02-09
3890,50,POPLATEK MESICNE,1996-02-10
1611,69,POPLATEK MESICNE,1996-02-11
2230,7,POPLATEK MESICNE,1996-02-11
3933,61,POPLATEK MESICNE,1996-02-11
2212,33,POPLATEK MESICNE,1996-02-12
1964,25,POPLATEK MESICNE,1996-02-12
1612,66,POPLATEK MESICNE,1996-02-12
2600,1,POPLATEK MESICNE,1996-02-13
949,58,POPLATEK MESICNE,1996-02-13
1111,5,POPLATEK MESICNE,1996-02-16
3439,16,POPLATEK MESICNE,1996-02-16
3578,1,POPLATEK MESICNE,1996-02-17
1380,53,POPLATEK MESICNE,1996-02-19
3754,37,POPLATEK TYDNE,1996-02-19
1102,70,POPLATEK MESICNE,1996-02-19
55,20,POPLATEK MESICNE,1996-02-19
2403,25,POPLATEK MESICNE,1996-02-20
3721,22,POPLATEK MESICNE,1996-02-21
3358,44,POPLATEK MESICNE,1996-02-21
3151,6,POPLATEK MESICNE,1996-02-21
1310,1,POPLATEK MESICNE,1996-02-22
3016,26,POPLATEK MESICNE,1996-02-23
827,36,POPLATEK MESICNE,1996-02-23
959,1,POPLATEK MESICNE,1996-02-23
1585,42,POPLATEK MESICNE,1996-02-23
590,50,POPLATEK MESICNE,1996-02-24
3924,70,POPLATEK MESICNE,1996-02-24
2772,11,POPLATEK MESICNE,1996-02-24
1962,77,POPLATEK MESICNE,1996-02-24
10478,70,POPLATEK TYDNE,1996-02-24
1265,49,POPLATEK MESICNE,1996-02-25
167,29,POPLATEK TYDNE,1996-02-26
3286,8,POPLATEK MESICNE,1996-02-26
3193,74,POPLATEK MESICNE,1996-02-27
4088,45,POPLATEK MESICNE,1996-03-01
3409,23,POPLATEK MESICNE,1996-03-01
2491,76,POPLATEK MESICNE,1996-03-01
3366,68,POPLATEK MESICNE,1996-03-02
3698,1,POPLATEK MESICNE,1996-03-03
1349,75,POPLATEK MESICNE,1996-03-05
1886,32,POPLATEK MESICNE,1996-03-05
1897,61,POPLATEK PO OBRATU,1996-03-05
2062,70,POPLATEK MESICNE,1996-03-06
1763,73,POPLATEK MESICNE,1996-03-06
2611,1,POPLATEK MESICNE,1996-03-06
2289,1,POPLATEK MESICNE,1996-03-07
3502,74,POPLATEK MESICNE,1996-03-08
2105,70,POPLATEK MESICNE,1996-03-09
3144,67,POPLATEK MESICNE,1996-03-09
357,20,POPLATEK MESICNE,1996-03-10
3118,48,POPLATEK MESICNE,1996-03-10
1510,33,POPLATEK MESICNE,1996-03-11
2263,36,POPLATEK MESICNE,1996-03-12
4863,5,POPLATEK MESICNE,1996-03-12
4092,74,POPLATEK MESICNE,1996-03-13
2633,25,POPLATEK MESICNE,1996-03-14
1800,51,POPLATEK MESICNE,1996-03-14
666,27,POPLATEK MESICNE,1996-03-15
2864,54,POPLATEK MESICNE,1996-03-16
1980,49,POPLATEK MESICNE,1996-03-16
821,60,POPLATEK MESICNE,1996-03-16
5591,9,POPLATEK MESICNE,1996-03-16
236,72,POPLATEK MESICNE,1996-03-16
865,17,POPLATEK MESICNE,1996-03-18
3672,26,POPLATEK MESICNE,1996-03-19
2334,50,POPLATEK MESICNE,1996-03-19
468,49,POPLATEK MESICNE,1996-03-19
525,70,POPLATEK MESICNE,1996-03-20
3322,65,POPLATEK TYDNE,1996-03-20
2033,71,POPLATEK MESICNE,1996-03-20
2904,13,POPLATEK MESICNE,1996-03-20
116,8,POPLATEK MESICNE,1996-03-21
824,32,POPLATEK MESICNE,1996-03-21
2889,8,POPLATEK MESICNE,1996-03-23
4008,27,POPLATEK MESICNE,1996-03-23
3605,3,POPLATEK MESICNE,1996-03-24
2578,54,POPLATEK MESICNE,1996-03-25
631,68,POPLATEK MESICNE,1996-03-25
1170,25,POPLATEK MESICNE,1996-03-26
7890,23,POPLATEK MESICNE,1996-03-26
3219,1,POPLATEK MESICNE,1996-03-26
3115,14,POPLATEK MESICNE,1996-03-27
286,71,POPLATEK MESICNE,1996-03-27
1384,74,POPLATEK TYDNE,1996-03-28
2624,31,POPLATEK MESICNE,1996-03-28
3349,47,POPLATEK MESICNE,1996-03-28
2631,1,POPLATEK MESICNE,1996-03-29
7520,9,POPLATEK MESICNE,1996-03-29
10065,76,POPLATEK MESICNE,1996-03-30
708,26,POPLATEK MESICNE,1996-03-30
2659,14,POPLATEK MESICNE,1996-03-30
3265,52,POPLATEK PO OBRATU,1996-03-30
1832,70,POPLATEK MESICNE,1996-04-01
7565,59,POPLATEK MESICNE,1996-04-02
3308,40,POPLATEK MESICNE,1996-04-02
1932,35,POPLATEK MESICNE,1996-04-03
1521,74,POPLATEK MESICNE,1996-04-04
2909,58,POPLATEK MESICNE,1996-04-04
2335,70,POPLATEK MESICNE,1996-04-04
3116,54,POPLATEK MESICNE,1996-04-05
3632,56,POPLATEK TYDNE,1996-04-06
2929,51,POPLATEK MESICNE,1996-04-06
1450,63,POPLATEK MESICNE,1996-04-07
8085,73,POPLATEK MESICNE,1996-04-08
1020,56,POPLATEK MESICNE,1996-04-09
7894,27,POPLATEK MESICNE,1996-04-09
1503,71,POPLATEK MESICNE,1996-04-10
3247,61,POPLATEK MESICNE,1996-04-11
152,1,POPLATEK MESICNE,1996-04-12
5072,6,POPLATEK MESICNE,1996-04-12
1622,19,POPLATEK MESICNE,1996-04-12
1655,41,POPLATEK MESICNE,1996-04-15
3976,74,POPLATEK MESICNE,1996-04-15
439,69,POPLATEK MESICNE,1996-04-15
1550,1,POPLATEK MESICNE,1996-04-15
101,35,POPLATEK MESICNE,1996-04-16
2254,1,POPLATEK MESICNE,1996-04-17
283,44,POPLATEK MESICNE,1996-04-18
3854,8,POPLATEK MESICNE,1996-04-18
1939,6,POPLATEK TYDNE,1996-04-19
1607,71,POPLATEK MESICNE,1996-04-20
1733,18,POPLATEK MESICNE,1996-04-20
766,3,POPLATEK MESICNE,1996-04-21
695,5,POPLATEK MESICNE,1996-04-21
2287,1,POPLATEK MESICNE,1996-04-21
1358,39,POPLATEK MESICNE,1996-04-21
1641,50,POPLATEK MESICNE,1996-04-22
3596,59,POPLATEK MESICNE,1996-04-23
1709,24,POPLATEK MESICNE,1996-04-23
3859,53,POPLATEK MESICNE,1996-04-23
481,72,POPLATEK MESICNE,1996-04-23
3280,1,POPLATEK MESICNE,1996-04-24
2246,1,POPLATEK MESICNE,1996-04-25
5395,47,POPLATEK MESICNE,1996-04-26
5505,1,POPLATEK MESICNE,1996-04-26
1304,40,POPLATEK MESICNE,1996-04-27
3038,10,POPLATEK MESICNE,1996-04-28
3027,62,POPLATEK MESICNE,1996-04-29
8896,28,POPLATEK PO OBRATU,1996-05-02
1192,29,POPLATEK MESICNE,1996-05-02
2116,70,POPLATEK MESICNE,1996-05-02
3791,1,POPLATEK TYDNE,1996-05-03
3531,59,POPLATEK MESICNE,1996-05-03
1328,8,POPLATEK MESICNE,1996-05-04
97,74,POPLATEK MESICNE,1996-05-05
1614,63,POPLATEK MESICNE,1996-05-07
2946,54,POPLATEK MESICNE,1996-05-07
3736,54,POPLATEK MESICNE,1996-05-08
3887,62,POPLATEK MESICNE,1996-05-08
1752,68,POPLATEK MESICNE,1996-05-08
1244,68,POPLATEK MESICNE,1996-05-08
1213,36,POPLATEK MESICNE,1996-05-08
3928,24,POPLATEK MESICNE,1996-05-08
302,7,POPLATEK MESICNE,1996-05-09
444,26,POPLATEK MESICNE,1996-05-09
3942,27,POPLATEK TYDNE,1996-05-10
9494,21,POPLATEK MESICNE,1996-05-10
3248,77,POPLATEK MESICNE,1996-05-11
132,40,POPLATEK PO OBRATU,1996-05-11
3512,46,POPLATEK MESICNE,1996-05-11
6792,1,POPLATEK MESICNE,1996-05-11
491,44,POPLATEK MESICNE,1996-05-12
9513,59,POPLATEK MESICNE,1996-05-12
684,49,POPLATEK MESICNE,1996-05-12
6158,67,POPLATEK MESICNE,1996-05-13
136,74,POPLATEK MESICNE,1996-05-14
632,29,POPLATEK MESICNE,1996-05-14
360,32,POPLATEK MESICNE,1996-05-14
9199,72,POPLATEK MESICNE,1996-05-15
2752,74,POPLATEK MESICNE,1996-05-15
76,52,POPLATEK MESICNE,1996-05-16
2505,60,POPLATEK MESICNE,1996-05-16
7542,54,POPLATEK MESICNE,1996-05-16
776,66,POPLATEK MESICNE,1996-05-18
3731,70,POPLATEK MESICNE,1996-05-20
2805,39,POPLATEK MESICNE,1996-05-20
1399,45,POPLATEK MESICNE,1996-05-20
8972,70,POPLATEK MESICNE,1996-05-21
891,34,POPLATEK MESICNE,1996-05-23
832,42,POPLATEK MESICNE,1996-05-24
1905,34,POPLATEK MESICNE,1996-05-25
7713,50,POPLATEK TYDNE,1996-05-25
4099,54,POPLATEK MESICNE,1996-05-26
1715,60,POPLATEK MESICNE,1996-05-26
1646,1,POPLATEK TYDNE,1996-05-27
450,59,POPLATEK MESICNE,1996-05-28
10445,72,POPLATEK MESICNE,1996-05-29
3240,35,POPLATEK TYDNE,1996-05-29
1124,26,POPLATEK MESICNE,1996-06-02
687,27,POPLATEK MESICNE,1996-06-02
3459,76,POPLATEK MESICNE,1996-06-02
2837,46,POPLATEK MESICNE,1996-06-02
2190,41,POPLATEK TYDNE,1996-06-04
2982,19,POPLATEK MESICNE,1996-06-04
9263,68,POPLATEK MESICNE,1996-06-04
1405,53,POPLATEK MESICNE,1996-06-04
1954,72,POPLATEK MESICNE,1996-06-05
1913,48,POPLATEK MESICNE,1996-06-06
3199,66,POPLATEK MESICNE,1996-06-06
1270,55,POPLATEK PO OBRATU,1996-06-07
3522,16,POPLATEK MESICNE,1996-06-07
171,46,POPLATEK MESICNE,1996-06-08
3676,58,POPLATEK MESICNE,1996-06-08
1082,2,POPLATEK MESICNE,1996-06-08
6699,35,POPLATEK MESICNE,1996-06-08
1219,1,POPLATEK MESICNE,1996-06-08
4803,26,POPLATEK MESICNE,1996-06-08
3591,1,POPLATEK PO OBRATU,1996-06-09
1058,47,POPLATEK MESICNE,1996-06-11
409,1,POPLATEK MESICNE,1996-06-11
3584,55,POPLATEK MESICNE,1996-06-12
93,2,POPLATEK MESICNE,1996-06-12
2710,12,POPLATEK MESICNE,1996-06-12
2397,70,POPLATEK MESICNE,1996-06-14
2603,9,POPLATEK MESICNE,1996-06-14
3668,1,POPLATEK MESICNE,1996-06-15
2400,40,POPLATEK MESICNE,1996-06-15
558,10,POPLATEK MESICNE,1996-06-15
4626,9,POPLATEK MESICNE,1996-06-15
4447,62,POPLATEK MESICNE,1996-06-16
3515,68,POPLATEK MESICNE,1996-06-16
8158,48,POPLATEK TYDNE,1996-06-16
1086,37,POPLATEK MESICNE,1996-06-17
2602,46,POPLATEK MESICNE,1996-06-17
507,52,POPLATEK MESICNE,1996-06-17
3647,77,POPLATEK MESICNE,1996-06-17
3180,1,POPLATEK MESICNE,1996-06-18
1271,17,POPLATEK MESICNE,1996-06-18
2870,1,POPLATEK MESICNE,1996-06-18
3645,36,POPLATEK MESICNE,1996-06-18
3485,53,POPLATEK MESICNE,1996-06-19
373,67,POPLATEK MESICNE,1996-06-20
2977,28,POPLATEK MESICNE,1996-06-20
3120,1,POPLATEK MESICNE,1996-06-20
3696,1,POPLATEK MESICNE,1996-06-22
3585,1,POPLATEK MESICNE,1996-06-23
2706,47,POPLATEK MESICNE,1996-06-23
2773,38,POPLATEK MESICNE,1996-06-23
962,64,POPLATEK MESICNE,1996-06-24
2295,57,POPLATEK MESICNE,1996-06-25
2040,75,POPLATEK MESICNE,1996-06-25
1029,26,POPLATEK MESICNE,1996-06-25
3318,62,POPLATEK MESICNE,1996-06-25
6688,16,POPLATEK MESICNE,1996-06-25
1396,46,POPLATEK MESICNE,1996-06-26
3573,59,POPLATEK MESICNE,1996-06-27
1007,1,POPLATEK MESICNE,1996-06-28
4379,44,POPLATEK MESICNE,1996-06-28
3793,5,POPLATEK MESICNE,1996-06-28
3864,33,POPLATEK MESICNE,1996-07-01
7181,77,POPLATEK PO OBRATU,1996-07-02
1241,53,POPLATEK MESICNE,1996-07-02
2344,13,POPLATEK MESICNE,1996-07-02
2530,74,POPLATEK MESICNE,1996-07-02
2319,58,POPLATEK MESICNE,1996-07-02
7033,75,POPLATEK MESICNE,1996-07-03
1480,41,POPLATEK TYDNE,1996-07-03
2604,68,POPLATEK MESICNE,1996-07-04
5269,49,POPLATEK MESICNE,1996-07-04
3563,1,POPLATEK MESICNE,1996-07-04
1903,11,POPLATEK MESICNE,1996-07-05
3153,2,POPLATEK MESICNE,1996-07-05
265,19,POPLATEK MESICNE,1996-07-05
2812,18,POPLATEK MESICNE,1996-07-05
7101,54,POPLATEK MESICNE,1996-07-06
313,73,POPLATEK MESICNE,1996-07-06
2593,5,POPLATEK MESICNE,1996-07-06
3694,70,POPLATEK MESICNE,1996-07-06
9859,27,POPLATEK MESICNE,1996-07-08
10711,36,POPLATEK MESICNE,1996-07-08
1739,3,POPLATEK MESICNE,1996-07-08
10202,70,POPLATEK MESICNE,1996-07-08
955,59,POPLATEK MESICNE,1996-07-08
3334,67,POPLATEK MESICNE,1996-07-09
984,2,POPLATEK MESICNE,1996-07-10
2825,54,POPLATEK MESICNE,1996-07-10
5602,19,POPLATEK PO OBRATU,1996-07-10
573,1,POPLATEK TYDNE,1996-07-11
2112,44,POPLATEK MESICNE,1996-07-12
2506,22,POPLATEK PO OBRATU,1996-07-12
1895,35,POPLATEK MESICNE,1996-07-12
3426,9,POPLATEK TYDNE,1996-07-13
2468,4,POPLATEK MESICNE,1996-07-13
858,52,POPLATEK MESICNE,1996-07-13
584,31,POPLATEK MESICNE,1996-07-14
392,1,POPLATEK MESICNE,1996-07-14
869,16,POPLATEK MESICNE,1996-07-15
526,67,POPLATEK MESICNE,1996-07-16
3946,70,POPLATEK MESICNE,1996-07-16
593,48,POPLATEK MESICNE,1996-07-16
4086,66,POPLATEK MESICNE,1996-07-17
9138,26,POPLATEK MESICNE,1996-07-18
5837,5,POPLATEK MESICNE,1996-07-18
2266,50,POPLATEK MESICNE,1996-07-19
1893,48,POPLATEK MESICNE,1996-07-20
11123,39,POPLATEK MESICNE,1996-07-21
1765,18,POPLATEK MESICNE,1996-07-21
4618,3,POPLATEK MESICNE,1996-07-21
3543,74,POPLATEK MESICNE,1996-07-21
1471,1,POPLATEK MESICNE,1996-07-21
2407,1,POPLATEK MESICNE,1996-07-21
378,68,POPLATEK MESICNE,1996-07-22
3526,1,POPLATEK MESICNE,1996-07-22
113,55,POPLATEK MESICNE,1996-07-22
683,74,POPLATEK MESICNE,1996-07-22
3511,70,POPLATEK MESICNE,1996-07-23
2717,74,POPLATEK MESICNE,1996-07-25
2983,42,POPLATEK MESICNE,1996-07-25
1490,5,POPLATEK MESICNE,1996-07-25
6453,34,POPLATEK MESICNE,1996-07-27
7907,70,POPLATEK MESICNE,1996-07-27
2291,49,POPLATEK MESICNE,1996-07-27
3192,18,POPLATEK MESICNE,1996-07-28
3880,3,POPLATEK MESICNE,1996-07-28
1187,55,POPLATEK MESICNE,1996-07-28
25,68,POPLATEK MESICNE,1996-07-28
10954,25,POPLATEK MESICNE,1996-07-29
1571,66,POPLATEK MESICNE,1996-07-29
371,12,POPLATEK MESICNE,1996-08-02
4071,64,POPLATEK MESICNE,1996-08-03
2278,1,POPLATEK MESICNE,1996-08-03
2350,18,POPLATEK MESICNE,1996-08-04
2101,9,POPLATEK MESICNE,1996-08-04
1267,43,POPLATEK MESICNE,1996-08-05
1654,30,POPLATEK MESICNE,1996-08-05
2383,68,POPLATEK MESICNE,1996-08-05
3614,19,POPLATEK MESICNE,1996-08-07
436,30,POPLATEK MESICNE,1996-08-07
2329,1,POPLATEK MESICNE,1996-08-07
4442,54,POPLATEK MESICNE,1996-08-08
715,32,POPLATEK MESICNE,1996-08-08
9491,7,POPLATEK TYDNE,1996-08-08
503,1,POPLATEK MESICNE,1996-08-08
2794,74,POPLATEK MESICNE,1996-08-08
2191,1,POPLATEK MESICNE,1996-08-08
2947,57,POPLATEK MESICNE,1996-08-09
2086,70,POPLATEK TYDNE,1996-08-09
1211,49,POPLATEK MESICNE,1996-08-09
2724,11,POPLATEK MESICNE,1996-08-09
963,7,POPLATEK MESICNE,1996-08-09
1223,70,POPLATEK MESICNE,1996-08-10
2149,7,POPLATEK MESICNE,1996-08-11
416,6,POPLATEK MESICNE,1996-08-11
2114,30,POPLATEK MESICNE,1996-08-11
779,16,POPLATEK MESICNE,1996-08-13
916,1,POPLATEK MESICNE,1996-08-13
2439,74,POPLATEK MESICNE,1996-08-13
1885,47,POPLATEK MESICNE,1996-08-13
1563,47,POPLATEK MESICNE,1996-08-14
2209,65,POPLATEK MESICNE,1996-08-15
2013,54,POPLATEK MESICNE,1996-08-15
382,14,POPLATEK MESICNE,1996-08-16
42,39,POPLATEK MESICNE,1996-08-16
945,18,POPLATEK MESICNE,1996-08-16
3741,65,POPLATEK MESICNE,1996-08-18
3311,8,POPLATEK MESICNE,1996-08-18
7637,46,POPLATEK MESICNE,1996-08-19
4010,30,POPLATEK MESICNE,1996-08-19
4144,1,POPLATEK MESICNE,1996-08-19
166,17,POPLATEK MESICNE,1996-08-20
2034,54,POPLATEK MESICNE,1996-08-21
2622,1,POPLATEK MESICNE,1996-08-21
617,74,POPLATEK MESICNE,1996-08-23
3427,36,POPLATEK MESICNE,1996-08-23
58,29,POPLATEK MESICNE,1996-08-23
9826,68,POPLATEK MESICNE,1996-08-23
2094,73,POPLATEK MESICNE,1996-08-23
182,47,POPLATEK MESICNE,1996-08-24
1517,5,POPLATEK MESICNE,1996-08-24
1504,1,POPLATEK MESICNE,1996-08-26
399,1,POPLATEK MESICNE,1996-08-27
637,49,POPLATEK MESICNE,1996-08-27
4588,12,POPLATEK MESICNE,1996-08-27
2677,5,POPLATEK MESICNE,1996-08-28
1894,6,POPLATEK MESICNE,1996-08-29
3155,28,POPLATEK MESICNE,1996-08-29
242,69,POPLATEK MESICNE,1996-08-29
3774,72,POPLATEK MESICNE,1996-08-30
3272,53,POPLATEK MESICNE,1996-08-30
3504,70,POPLATEK MESICNE,1996-08-30
871,1,POPLATEK MESICNE,1996-09-02
406,63,POPLATEK MESICNE,1996-09-03
694,67,POPLATEK MESICNE,1996-09-04
920,58,POPLATEK MESICNE,1996-09-05
1525,57,POPLATEK MESICNE,1996-09-05
1997,74,POPLATEK MESICNE,1996-09-05
5362,76,POPLATEK TYDNE,1996-09-06
1408,10,POPLATEK MESICNE,1996-09-07
2314,2,POPLATEK MESICNE,1996-09-07
297,74,POPLATEK MESICNE,1996-09-08
4405,41,POPLATEK MESICNE,1996-09-08
2045,34,POPLATEK MESICNE,1996-09-09
2629,66,POPLATEK MESICNE,1996-09-10
2614,44,POPLATEK MESICNE,1996-09-11
2164,63,POPLATEK MESICNE,1996-09-12
1600,1,POPLATEK MESICNE,1996-09-13
3044,72,POPLATEK MESICNE,1996-09-14
3499,51,POPLATEK MESICNE,1996-09-14
1474,63,POPLATEK MESICNE,1996-09-14
2026,64,POPLATEK MESICNE,1996-09-14
1556,54,POPLATEK MESICNE,1996-09-15
6075,19,POPLATEK MESICNE,1996-09-15
2275,1,POPLATEK MESICNE,1996-09-16
3098,1,POPLATEK MESICNE,1996-09-16
2990,30,POPLATEK MESICNE,1996-09-16
3191,72,POPLATEK MESICNE,1996-09-17
2076,18,POPLATEK MESICNE,1996-09-17
3569,1,POPLATEK MESICNE,1996-09-18
10789,75,POPLATEK MESICNE,1996-09-18
6083,6,POPLATEK TYDNE,1996-09-19
8268,59,POPLATEK MESICNE,1996-09-19
1063,68,POPLATEK MESICNE,1996-09-19
1532,54,POPLATEK MESICNE,1996-09-19
1538,22,POPLATEK MESICNE,1996-09-20
2640,1,POPLATEK MESICNE,1996-09-21
3431,64,POPLATEK MESICNE,1996-09-21
3967,54,POPLATEK MESICNE,1996-09-22
7632,68,POPLATEK MESICNE,1996-09-22
2801,11,POPLATEK MESICNE,1996-09-23
770,7,POPLATEK MESICNE,1996-09-24
2332,77,POPLATEK MESICNE,1996-09-24
2091,1,POPLATEK MESICNE,1996-09-25
1377,1,POPLATEK MESICNE,1996-09-25
9241,74,POPLATEK MESICNE,1996-09-25
1308,54,POPLATEK MESICNE,1996-09-25
1370,52,POPLATEK MESICNE,1996-09-25
1374,53,POPLATEK MESICNE,1996-09-26
3446,6,POPLATEK PO OBRATU,1996-09-27
2869,68,POPLATEK MESICNE,1996-09-27
2083,1,POPLATEK MESICNE,1996-09-28
698,71,POPLATEK MESICNE,1996-09-29
2483,1,POPLATEK MESICNE,1996-09-29
1500,43,POPLATEK MESICNE,1996-10-01
3232,37,POPLATEK MESICNE,1996-10-02
10857,50,POPLATEK MESICNE,1996-10-02
692,69,POPLATEK MESICNE,1996-10-02
3158,71,POPLATEK MESICNE,1996-10-03
3071,41,POPLATEK MESICNE,1996-10-03
3913,23,POPLATEK MESICNE,1996-10-04
2807,42,POPLATEK MESICNE,1996-10-04
3904,18,POPLATEK MESICNE,1996-10-05
1558,32,POPLATEK MESICNE,1996-10-06
2465,57,POPLATEK MESICNE,1996-10-06
325,75,POPLATEK MESICNE,1996-10-06
7636,40,POPLATEK MESICNE,1996-10-08
1812,31,POPLATEK MESICNE,1996-10-08
2999,66,POPLATEK MESICNE,1996-10-08
3394,23,POPLATEK MESICNE,1996-10-09
1003,28,POPLATEK MESICNE,1996-10-10
4090,72,POPLATEK MESICNE,1996-10-11
3249,74,POPLATEK MESICNE,1996-10-11
3329,3,POPLATEK MESICNE,1996-10-12
9677,8,POPLATEK MESICNE,1996-10-13
536,14,POPLATEK MESICNE,1996-10-13
2475,17,POPLATEK MESICNE,1996-10-13
11325,62,POPLATEK MESICNE,1996-10-15
8628,2,POPLATEK PO OBRATU,1996-10-15
4493,61,POPLATEK PO OBRATU,1996-10-15
3776,1,POPLATEK MESICNE,1996-10-16
1577,67,POPLATEK MESICNE,1996-10-16
1645,50,POPLATEK MESICNE,1996-10-16
1492,24,POPLATEK MESICNE,1996-10-17
3766,29,POPLATEK PO OBRATU,1996-10-18
1745,53,POPLATEK MESICNE,1996-10-19
473,73,POPLATEK MESICNE,1996-10-20
1464,73,POPLATEK MESICNE,1996-10-21
2290,37,POPLATEK MESICNE,1996-10-22
366,1,POPLATEK MESICNE,1996-10-23
1226,1,POPLATEK MESICNE,1996-10-23
5912,45,POPLATEK MESICNE,1996-10-25
778,68,POPLATEK MESICNE,1996-10-26
3811,1,POPLATEK MESICNE,1996-10-26
281,1,POPLATEK MESICNE,1996-10-27
9201,69,POPLATEK MESICNE,1996-10-28
888,54,POPLATEK MESICNE,1996-10-28
3956,6,POPLATEK MESICNE,1996-10-28
806,13,POPLATEK MESICNE,1996-10-29
65,36,POPLATEK MESICNE,1996-10-29
2279,2,POPLATEK TYDNE,1996-10-30
3228,29,POPLATEK MESICNE,1996-10-30
3022,64,POPLATEK MESICNE,1996-10-30
122,31,POPLATEK MESICNE,1996-10-30
6265,5,POPLATEK MESICNE,1996-11-01
6440,1,POPLATEK MESICNE,1996-11-01
2685,67,POPLATEK MESICNE,1996-11-01
1663,55,POPLATEK MESICNE,1996-11-02
255,68,POPLATEK MESICNE,1996-11-03
714,23,POPLATEK MESICNE,1996-11-04
1324,42,POPLATEK MESICNE,1996-11-05
431,18,POPLATEK MESICNE,1996-11-05
11328,54,POPLATEK MESICNE,1996-11-05
3626,51,POPLATEK MESICNE,1996-11-05
1899,26,POPLATEK MESICNE,1996-11-05
91,17,POPLATEK MESICNE,1996-11-06
4753,1,POPLATEK MESICNE,1996-11-07
9333,36,POPLATEK MESICNE,1996-11-08
829,59,POPLATEK MESICNE,1996-11-10
2160,72,POPLATEK MESICNE,1996-11-10
4383,73,POPLATEK MESICNE,1996-11-10
2517,55,POPLATEK PO OBRATU,1996-11-10
4286,43,POPLATEK MESICNE,1996-11-11
3498,31,POPLATEK MESICNE,1996-11-12
2258,3,POPLATEK MESICNE,1996-11-12
3177,74,POPLATEK MESICNE,1996-11-12
1638,6,POPLATEK TYDNE,1996-11-12
4102,60,POPLATEK MESICNE,1996-11-13
2032,36,POPLATEK MESICNE,1996-11-14
3884,1,POPLATEK MESICNE,1996-11-14
63,22,POPLATEK MESICNE,1996-11-16
3291,45,POPLATEK MESICNE,1996-11-16
1021,42,POPLATEK MESICNE,1996-11-17
4069,38,POPLATEK MESICNE,1996-11-17
530,54,POPLATEK MESICNE,1996-11-19
508,74,POPLATEK MESICNE,1996-11-19
77,63,POPLATEK MESICNE,1996-11-19
2826,35,POPLATEK MESICNE,1996-11-20
797,57,POPLATEK MESICNE,1996-11-20
1549,21,POPLATEK MESICNE,1996-11-21
3093,16,POPLATEK MESICNE,1996-11-21
2234,3,POPLATEK MESICNE,1996-11-21
3809,1,POPLATEK MESICNE,1996-11-21
3517,26,POPLATEK MESICNE,1996-11-22
2264,41,POPLATEK MESICNE,1996-11-22
8688,66,POPLATEK MESICNE,1996-11-22
3282,1,POPLATEK MESICNE,1996-11-24
1242,74,POPLATEK PO OBRATU,1996-11-24
1393,1,POPLATEK MESICNE,1996-11-24
2303,41,POPLATEK MESICNE,1996-11-24
3708,64,POPLATEK MESICNE,1996-11-24
209,37,POPLATEK MESICNE,1996-11-24
7,60,POPLATEK MESICNE,1996-11-24
1347,8,POPLATEK MESICNE,1996-11-24
8523,54,POPLATEK MESICNE,1996-11-25
1712,44,POPLATEK MESICNE,1996-11-25
14,47,POPLATEK MESICNE,1996-11-27
549,5,POPLATEK MESICNE,1996-11-27
143,21,POPLATEK MESICNE,1996-11-27
79,3,POPLATEK MESICNE,1996-11-29
3799,74,POPLATEK MESICNE,1996-11-29
7745,2,POPLATEK MESICNE,1996-11-29
1435,1,POPLATEK MESICNE,1996-12-01
3507,9,POPLATEK MESICNE,1996-12-01
10280,69,POPLATEK MESICNE,1996-12-01
1296,50,POPLATEK MESICNE,1996-12-02
3018,34,POPLATEK MESICNE,1996-12-03
249,28,POPLATEK MESICNE,1996-12-03
2544,38,POPLATEK MESICNE,1996-12-04
599,54,POPLATEK MESICNE,1996-12-04
2589,10,POPLATEK MESICNE,1996-12-04
2286,70,POPLATEK MESICNE,1996-12-06
7176,1,POPLATEK MESICNE,1996-12-07
8225,50,POPLATEK MESICNE,1996-12-07
1361,46,POPLATEK MESICNE,1996-12-09
11096,28,POPLATEK MESICNE,1996-12-10
5817,77,POPLATEK PO OBRATU,1996-12-10
1587,1,POPLATEK MESICNE,1996-12-11
905,35,POPLATEK MESICNE,1996-12-11
980,1,POPLATEK MESICNE,1996-12-11
561,11,POPLATEK MESICNE,1996-12-12
4631,77,POPLATEK PO OBRATU,1996-12-12
1055,29,POPLATEK MESICNE,1996-12-12
9153,9,POPLATEK MESICNE,1996-12-12
1368,22,POPLATEK MESICNE,1996-12-12
3452,63,POPLATEK MESICNE,1996-12-13
3450,1,POPLATEK MESICNE,1996-12-13
1557,66,POPLATEK MESICNE,1996-12-13
1316,42,POPLATEK MESICNE,1996-12-13
2376,71,POPLATEK MESICNE,1996-12-14
659,63,POPLATEK MESICNE,1996-12-14
3137,39,POPLATEK MESICNE,1996-12-15
505,64,POPLATEK MESICNE,1996-12-16
1817,10,POPLATEK MESICNE,1996-12-16
3125,37,POPLATEK MESICNE,1996-12-16
2734,53,POPLATEK MESICNE,1996-12-16
2386,12,POPLATEK MESICNE,1996-12-17
3411,19,POPLATEK MESICNE,1996-12-17
4794,72,POPLATEK MESICNE,1996-12-18
1618,6,POPLATEK MESICNE,1996-12-18
3182,6,POPLATEK MESICNE,1996-12-20
765,12,POPLATEK MESICNE,1996-12-20
3412,31,POPLATEK MESICNE,1996-12-20
4454,63,POPLATEK MESICNE,1996-12-21
595,20,POPLATEK MESICNE,1996-12-21
2531,51,POPLATEK MESICNE,1996-12-21
2441,47,POPLATEK MESICNE,1996-12-22
193,69,POPLATEK MESICNE,1996-12-22
3393,4,POPLATEK MESICNE,1996-12-22
2356,34,POPLATEK TYDNE,1996-12-23
333,73,POPLATEK MESICNE,1996-12-23
1884,54,POPLATEK MESICNE,1996-12-24
2875,19,POPLATEK MESICNE,1996-12-24
3029,42,POPLATEK MESICNE,1996-12-24
1659,46,POPLATEK MESICNE,1996-12-25
252,19,POPLATEK MESICNE,1996-12-26
7045,51,POPLATEK MESICNE,1996-12-26
7966,54,POPLATEK MESICNE,1996-12-27
8341,64,POPLATEK MESICNE,1996-12-27
6706,38,POPLATEK MESICNE,1996-12-28
2507,62,POPLATEK MESICNE,1996-12-28
1056,1,POPLATEK TYDNE,1996-12-28
10404,1,POPLATEK MESICNE,1996-12-30
3190,1,POPLATEK MESICNE,1996-12-30
2362,16,POPLATEK MESICNE,1996-12-30
9730,54,POPLATEK MESICNE,1997-01-01
1860,70,POPLATEK MESICNE,1997-01-02
3540,18,POPLATEK MESICNE,1997-01-03
263,64,POPLATEK TYDNE,1997-01-03
2653,66,POPLATEK MESICNE,1997-01-08
3870,38,POPLATEK MESICNE,1997-01-08
17,1,POPLATEK MESICNE,1997-01-08
2964,72,POPLATEK MESICNE,1997-01-09
3527,44,POPLATEK MESICNE,1997-01-11
3005,42,POPLATEK PO OBRATU,1997-01-11
2300,36,POPLATEK MESICNE,1997-01-13
2571,61,POPLATEK MESICNE,1997-01-15
3304,36,POPLATEK MESICNE,1997-01-16
3908,13,POPLATEK MESICNE,1997-01-16
9549,4,POPLATEK MESICNE,1997-01-17
4534,63,POPLATEK MESICNE,1997-01-18
872,27,POPLATEK MESICNE,1997-01-18
1214,39,POPLATEK MESICNE,1997-01-19
1262,29,POPLATEK MESICNE,1997-01-19
8320,51,POPLATEK MESICNE,1997-01-19
6138,54,POPLATEK MESICNE,1997-01-22
1840,21,POPLATEK MESICNE,1997-01-22
3471,63,POPLATEK MESICNE,1997-01-22
320,47,POPLATEK MESICNE,1997-01-23
4052,36,POPLATEK TYDNE,1997-01-25
3964,25,POPLATEK MESICNE,1997-01-25
8742,70,POPLATEK MESICNE,1997-01-28
1853,7,POPLATEK MESICNE,1997-01-29
3067,46,POPLATEK MESICNE,1997-01-30
3659,54,POPLATEK MESICNE,1997-02-01
1356,39,POPLATEK MESICNE,1997-02-01
3546,55,POPLATEK MESICNE,1997-02-03
605,65,POPLATEK MESICNE,1997-02-04
3990,77,POPLATEK MESICNE,1997-02-04
2021,69,POPLATEK MESICNE,1997-02-05
4266,54,POPLATEK MESICNE,1997-02-05
2455,30,POPLATEK MESICNE,1997-02-06
3633,18,POPLATEK MESICNE,1997-02-06
4026,58,POPLATEK MESICNE,1997-02-06
3620,14,POPLATEK MESICNE,1997-02-06
1498,62,POPLATEK TYDNE,1997-02-07
2126,1,POPLATEK MESICNE,1997-02-09
1418,35,POPLATEK MESICNE,1997-02-09
2477,11,POPLATEK MESICNE,1997-02-11
828,1,POPLATEK MESICNE,1997-02-12
2042,31,POPLATEK MESICNE,1997-02-12
2381,1,POPLATEK MESICNE,1997-02-13
1430,26,POPLATEK MESICNE,1997-02-13
3059,1,POPLATEK MESICNE,1997-02-15
3959,1,POPLATEK TYDNE,1997-02-15
1037,1,POPLATEK MESICNE,1997-02-18
2656,1,POPLATEK MESICNE,1997-02-18
3236,52,POPLATEK MESICNE,1997-02-20
1447,65,POPLATEK MESICNE,1997-02-20
3331,16,POPLATEK MESICNE,1997-02-20
1524,6,POPLATEK MESICNE,1997-02-20
3337,58,POPLATEK PO OBRATU,1997-02-22
2016,1,POPLATEK MESICNE,1997-02-23
226,70,POPLATEK MESICNE,1997-02-23
1619,38,POPLATEK MESICNE,1997-02-24
1818,54,POPLATEK MESICNE,1997-02-25
2194,54,POPLATEK MESICNE,1997-02-25
2325,55,POPLATEK MESICNE,1997-02-26
292,49,POPLATEK MESICNE,1997-02-26
2797,74,POPLATEK MESICNE,1997-02-26
1736,74,POPLATEK MESICNE,1997-02-26
2405,64,POPLATEK MESICNE,1997-02-27
2380,46,POPLATEK MESICNE,1997-02-27
3541,70,POPLATEK MESICNE,1997-03-02
2024,20,POPLATEK MESICNE,1997-03-02
919,62,POPLATEK MESICNE,1997-03-03
1215,65,POPLATEK MESICNE,1997-03-04
2224,46,POPLATEK PO OBRATU,1997-03-08
3031,51,POPLATEK MESICNE,1997-03-10
1746,1,POPLATEK MESICNE,1997-03-11
3971,75,POPLATEK MESICNE,1997-03-13
600,46,POPLATEK MESICNE,1997-03-13
1740,57,POPLATEK MESICNE,1997-03-13
2672,59,POPLATEK MESICNE,1997-03-14
2597,31,POPLATEK MESICNE,1997-03-16
2908,61,POPLATEK MESICNE,1997-03-16
2354,7,POPLATEK MESICNE,1997-03-17
2495,70,POPLATEK MESICNE,1997-03-19
304,4,POPLATEK MESICNE,1997-03-20
8926,1,POPLATEK MESICNE,1997-03-21
1363,11,POPLATEK MESICNE,1997-03-23
8026,36,POPLATEK MESICNE,1997-03-23
3739,1,POPLATEK MESICNE,1997-03-25
1907,1,POPLATEK MESICNE,1997-03-25
1976,26,POPLATEK MESICNE,1997-03-25
3658,24,POPLATEK MESICNE,1997-03-25
3581,66,POPLATEK MESICNE,1997-03-26
2966,33,POPLATEK MESICNE,1997-03-27
157,11,POPLATEK MESICNE,1997-03-28
2158,38,POPLATEK MESICNE,1997-03-29
3266,14,POPLATEK MESICNE,1997-03-29
2048,76,POPLATEK MESICNE,1997-03-30
442,54,POPLATEK MESICNE,1997-03-30
10068,1,POPLATEK MESICNE,1997-04-02
2899,40,POPLATEK MESICNE,1997-04-03
144,10,POPLATEK TYDNE,1997-04-03
1594,15,POPLATEK MESICNE,1997-04-06
1636,53,POPLATEK MESICNE,1997-04-08
10812,16,POPLATEK MESICNE,1997-04-08
2165,51,POPLATEK MESICNE,1997-04-08
3460,16,POPLATEK MESICNE,1997-04-08
2954,1,POPLATEK MESICNE,1997-04-08
843,6,POPLATEK MESICNE,1997-04-09
476,69,POPLATEK MESICNE,1997-04-11
1598,15,POPLATEK MESICNE,1997-04-12
2166,71,POPLATEK MESICNE,1997-04-12
1259,72,POPLATEK MESICNE,1997-04-12
927,69,POPLATEK MESICNE,1997-04-12
2575,72,POPLATEK MESICNE,1997-04-13
4467,17,POPLATEK TYDNE,1997-04-13
1253,5,POPLATEK MESICNE,1997-04-13
3716,1,POPLATEK MESICNE,1997-04-14
1560,62,POPLATEK MESICNE,1997-04-14
4725,73,POPLATEK MESICNE,1997-04-14
2586,57,POPLATEK MESICNE,1997-04-16
3077,64,POPLATEK MESICNE,1997-04-16
3634,21,POPLATEK MESICNE,1997-04-16
3012,49,POPLATEK MESICNE,1997-04-18
2744,70,POPLATEK TYDNE,1997-04-19
3194,11,POPLATEK MESICNE,1997-04-19
1198,70,POPLATEK MESICNE,1997-04-20
3217,75,POPLATEK PO OBRATU,1997-04-23
453,75,POPLATEK MESICNE,1997-04-24
2539,24,POPLATEK MESICNE,1997-04-24
794,63,POPLATEK MESICNE,1997-04-24
309,14,POPLATEK MESICNE,1997-04-25
873,73,POPLATEK MESICNE,1997-04-26
9484,5,POPLATEK MESICNE,1997-04-26
3052,44,POPLATEK MESICNE,1997-04-26
3846,61,POPLATEK MESICNE,1997-04-27
2080,74,POPLATEK MESICNE,1997-04-27
2857,19,POPLATEK MESICNE,1997-04-28
2952,65,POPLATEK MESICNE,1997-04-28
240,72,POPLATEK MESICNE,1997-04-28
1693,1,POPLATEK PO OBRATU,1997-04-29
3104,1,POPLATEK MESICNE,1997-04-29
2451,54,POPLATEK MESICNE,1997-04-29
10257,27,POPLATEK MESICNE,1997-05-01
1024,19,POPLATEK MESICNE,1997-05-02
2173,64,POPLATEK MESICNE,1997-05-02
3119,33,POPLATEK MESICNE,1997-05-02
2594,19,POPLATEK PO OBRATU,1997-05-03
3773,10,POPLATEK MESICNE,1997-05-04
3635,10,POPLATEK MESICNE,1997-05-04
293,1,POPLATEK MESICNE,1997-05-04
3988,23,POPLATEK MESICNE,1997-05-04
2184,6,POPLATEK MESICNE,1997-05-07
1385,53,POPLATEK MESICNE,1997-05-08
3711,3,POPLATEK MESICNE,1997-05-08
2071,35,POPLATEK MESICNE,1997-05-08
997,54,POPLATEK MESICNE,1997-05-08
250,56,POPLATEK MESICNE,1997-05-10
2448,23,POPLATEK MESICNE,1997-05-11
1130,1,POPLATEK MESICNE,1997-05-11
2118,42,POPLATEK MESICNE,1997-05-11
2005,16,POPLATEK MESICNE,1997-05-11
6922,3,POPLATEK TYDNE,1997-05-12
3122,74,POPLATEK MESICNE,1997-05-12
282,69,POPLATEK MESICNE,1997-05-12
3790,1,POPLATEK TYDNE,1997-05-13
3344,70,POPLATEK MESICNE,1997-05-15
1808,28,POPLATEK MESICNE,1997-05-16
3299,11,POPLATEK TYDNE,1997-05-16
1697,63,POPLATEK MESICNE,1997-05-17
1424,32,POPLATEK MESICNE,1997-05-20
2668,21,POPLATEK MESICNE,1997-05-20
10343,8,POPLATEK MESICNE,1997-05-22
2743,51,POPLATEK MESICNE,1997-05-22
1956,63,POPLATEK MESICNE,1997-05-23
4729,66,POPLATEK MESICNE,1997-05-23
7559,56,POPLATEK MESICNE,1997-05-24
1710,74,POPLATEK MESICNE,1997-05-25
534,1,POPLATEK MESICNE,1997-05-26
11053,46,POPLATEK MESICNE,1997-05-27
3905,54,POPLATEK PO OBRATU,1997-05-28
464,43,POPLATEK MESICNE,1997-05-28
5,15,POPLATEK MESICNE,1997-05-30
4130,70,POPLATEK MESICNE,1997-06-01
3951,22,POPLATEK MESICNE,1997-06-02
2564,36,POPLATEK MESICNE,1997-06-03
5944,27,POPLATEK MESICNE,1997-06-06
9673,76,POPLATEK MESICNE,1997-06-07
229,1,POPLATEK MESICNE,1997-06-07
1185,12,POPLATEK MESICNE,1997-06-07
291,7,POPLATEK MESICNE,1997-06-08
3060,73,POPLATEK MESICNE,1997-06-09
4471,4,POPLATEK TYDNE,1997-06-09
2019,64,POPLATEK MESICNE,1997-06-11
1491,47,POPLATEK MESICNE,1997-06-11
1841,36,POPLATEK MESICNE,1997-06-12
7180,7,POPLATEK TYDNE,1997-06-12
5648,59,POPLATEK MESICNE,1997-06-13
2509,43,POPLATEK MESICNE,1997-06-13
2372,1,POPLATEK MESICNE,1997-06-15
6097,29,POPLATEK MESICNE,1997-06-15
2006,25,POPLATEK MESICNE,1997-06-16
3953,1,POPLATEK MESICNE,1997-06-16
1095,54,POPLATEK MESICNE,1997-06-18
3719,37,POPLATEK MESICNE,1997-06-19
2560,15,POPLATEK MESICNE,1997-06-20
3262,23,POPLATEK MESICNE,1997-06-22
3100,65,POPLATEK MESICNE,1997-06-22
1839,5,POPLATEK MESICNE,1997-06-22
3461,8,POPLATEK MESICNE,1997-06-23
438,37,POPLATEK MESICNE,1997-06-23
2200,1,POPLATEK MESICNE,1997-06-26
3245,45,POPLATEK MESICNE,1997-06-26
2806,53,POPLATEK MESICNE,1997-06-26
4156,42,POPLATEK MESICNE,1997-06-27
1921,42,POPLATEK MESICNE,1997-06-27
2939,5,POPLATEK MESICNE,1997-06-28
3665,28,POPLATEK MESICNE,1997-06-28
3524,66,POPLATEK MESICNE,1997-06-28
5196,13,POPLATEK TYDNE,1997-06-29
1514,7,POPLATEK MESICNE,1997-07-01
3154,1,POPLATEK MESICNE,1997-07-02
2081,36,POPLATEK MESICNE,1997-07-02
2208,7,POPLATEK MESICNE,1997-07-02
1284,55,POPLATEK MESICNE,1997-07-02
8153,9,POPLATEK MESICNE,1997-07-02
3085,66,POPLATEK MESICNE,1997-07-03
185,32,POPLATEK MESICNE,1997-07-04
10774,46,POPLATEK MESICNE,1997-07-05
1339,76,POPLATEK MESICNE,1997-07-06
1929,1,POPLATEK MESICNE,1997-07-06
2337,65,POPLATEK MESICNE,1997-07-07
864,72,POPLATEK MESICNE,1997-07-08
2169,57,POPLATEK MESICNE,1997-07-09
258,64,POPLATEK MESICNE,1997-07-09
2992,43,POPLATEK MESICNE,1997-07-11
1681,68,POPLATEK MESICNE,1997-07-11
3428,27,POPLATEK MESICNE,1997-07-12
679,22,POPLATEK MESICNE,1997-07-12
3985,1,POPLATEK MESICNE,1997-07-13
2447,38,POPLATEK MESICNE,1997-07-14
469,72,POPLATEK MESICNE,1997-07-14
483,70,POPLATEK MESICNE,1997-07-15
2678,1,POPLATEK MESICNE,1997-07-15
7052,55,POPLATEK PO OBRATU,1997-07-17
680,17,POPLATEK MESICNE,1997-07-18
284,54,POPLATEK MESICNE,1997-07-18
1027,68,POPLATEK MESICNE,1997-07-18
1995,54,POPLATEK MESICNE,1997-07-18
211,28,POPLATEK MESICNE,1997-07-19
1432,27,POPLATEK MESICNE,1997-07-19
3867,1,POPLATEK MESICNE,1997-07-19
5290,34,POPLATEK MESICNE,1997-07-21
2316,1,POPLATEK MESICNE,1997-07-21
1794,74,POPLATEK MESICNE,1997-07-23
801,16,POPLATEK MESICNE,1997-07-23
3057,9,POPLATEK MESICNE,1997-07-23
2679,67,POPLATEK MESICNE,1997-07-24
2197,46,POPLATEK MESICNE,1997-07-26
1776,36,POPLATEK MESICNE,1997-07-27
3185,45,POPLATEK MESICNE,1997-07-29
1522,48,POPLATEK MESICNE,1997-08-02
4533,68,POPLATEK MESICNE,1997-08-03
3343,1,POPLATEK MESICNE,1997-08-03
3686,77,POPLATEK MESICNE,1997-08-03
2927,37,POPLATEK MESICNE,1997-08-04
4091,9,POPLATEK MESICNE,1997-08-04
6602,74,POPLATEK MESICNE,1997-08-04
3208,29,POPLATEK MESICNE,1997-08-04
2449,23,POPLATEK MESICNE,1997-08-05
3281,1,POPLATEK MESICNE,1997-08-06
326,61,POPLATEK MESICNE,1997-08-06
1951,23,POPLATEK MESICNE,1997-08-07
4445,47,POPLATEK MESICNE,1997-08-07
1319,56,POPLATEK PO OBRATU,1997-08-08
1648,40,POPLATEK MESICNE,1997-08-08
38,19,POPLATEK TYDNE,1997-08-08
4784,46,POPLATEK MESICNE,1997-08-08
2644,1,POPLATEK MESICNE,1997-08-08
785,21,POPLATEK TYDNE,1997-08-09
3046,74,POPLATEK MESICNE,1997-08-11
792,3,POPLATEK MESICNE,1997-08-13
1043,1,POPLATEK MESICNE,1997-08-13
509,36,POPLATEK MESICNE,1997-08-14
3097,66,POPLATEK MESICNE,1997-08-14
3062,17,POPLATEK MESICNE,1997-08-15
1355,1,POPLATEK MESICNE,1997-08-16
1881,60,POPLATEK MESICNE,1997-08-17
2595,1,POPLATEK MESICNE,1997-08-17
996,47,POPLATEK MESICNE,1997-08-18
529,39,POPLATEK MESICNE,1997-08-18
9140,32,POPLATEK MESICNE,1997-08-18
653,27,POPLATEK MESICNE,1997-08-19
1181,69,POPLATEK MESICNE,1997-08-20
3070,56,POPLATEK MESICNE,1997-08-21
2394,62,POPLATEK MESICNE,1997-08-23
859,13,POPLATEK MESICNE,1997-08-26
3798,15,POPLATEK MESICNE,1997-08-27
2317,68,POPLATEK MESICNE,1997-08-28
3828,44,POPLATEK MESICNE,1997-08-28
1154,5,POPLATEK TYDNE,1997-08-29
2142,42,POPLATEK MESICNE,1997-09-01
45,64,POPLATEK MESICNE,1997-09-02
2172,1,POPLATEK MESICNE,1997-09-02
909,30,POPLATEK MESICNE,1997-09-02
1026,20,POPLATEK MESICNE,1997-09-03
178,59,POPLATEK MESICNE,1997-09-06
2480,35,POPLATEK MESICNE,1997-09-07
3516,36,POPLATEK TYDNE,1997-09-07
783,1,POPLATEK MESICNE,1997-09-08
1729,53,POPLATEK MESICNE,1997-09-08
2997,40,POPLATEK MESICNE,1997-09-09
2459,55,POPLATEK MESICNE,1997-09-10
1783,70,POPLATEK MESICNE,1997-09-11
7156,71,POPLATEK MESICNE,1997-09-11
1085,42,POPLATEK MESICNE,1997-09-11
677,70,POPLATEK MESICNE,1997-09-13
402,68,POPLATEK MESICNE,1997-09-14
9156,18,POPLATEK MESICNE,1997-09-14
3987,25,POPLATEK MESICNE,1997-09-14
3852,20,POPLATEK MESICNE,1997-09-14
384,24,POPLATEK TYDNE,1997-09-14
3603,3,POPLATEK MESICNE,1997-09-17
1872,61,POPLATEK MESICNE,1997-09-17
3671,21,POPLATEK MESICNE,1997-09-17
3274,76,POPLATEK MESICNE,1997-09-17
5870,75,POPLATEK MESICNE,1997-09-17
1438,23,POPLATEK TYDNE,1997-09-18
118,68,POPLATEK MESICNE,1997-09-18
3657,62,POPLATEK MESICNE,1997-09-19
1876,1,POPLATEK MESICNE,1997-09-20
179,1,POPLATEK TYDNE,1997-09-22
1718,71,POPLATEK MESICNE,1997-09-23
16,12,POPLATEK MESICNE,1997-09-23
4616,1,POPLATEK MESICNE,1997-09-24
89,68,POPLATEK MESICNE,1997-09-25
177,1,POPLATEK MESICNE,1997-09-26
4128,64,POPLATEK MESICNE,1997-09-26
1443,54,POPLATEK MESICNE,1997-09-27
1992,48,POPLATEK MESICNE,1997-09-27
755,38,POPLATEK MESICNE,1997-09-27
7274,11,POPLATEK MESICNE,1997-09-28
3383,29,POPLATEK MESICNE,1997-09-28
2461,1,POPLATEK MESICNE,1997-09-28
10152,34,POPLATEK MESICNE,1997-09-28
2007,45,POPLATEK MESICNE,1997-09-29
1379,47,POPLATEK MESICNE,1997-10-01
4132,36,POPLATEK MESICNE,1997-10-02
2036,70,POPLATEK MESICNE,1997-10-03
3342,59,POPLATEK MESICNE,1997-10-06
2715,42,POPLATEK MESICNE,1997-10-06
205,1,POPLATEK MESICNE,1997-10-08
1150,29,POPLATEK MESICNE,1997-10-08
1608,26,POPLATEK MESICNE,1997-10-08
2272,48,POPLATEK MESICNE,1997-10-08
2634,45,POPLATEK MESICNE,1997-10-08
745,43,POPLATEK MESICNE,1997-10-09
121,55,POPLATEK MESICNE,1997-10-11
1727,9,POPLATEK MESICNE,1997-10-11
2097,46,POPLATEK MESICNE,1997-10-11
133,64,POPLATEK TYDNE,1997-10-11
502,1,POPLATEK MESICNE,1997-10-13
1506,51,POPLATEK MESICNE,1997-10-13
2231,2,POPLATEK MESICNE,1997-10-14
966,15,POPLATEK MESICNE,1997-10-14
2879,15,POPLATEK MESICNE,1997-10-14
1807,21,POPLATEK MESICNE,1997-10-15
550,24,POPLATEK MESICNE,1997-10-17
1061,44,POPLATEK MESICNE,1997-10-17
2215,48,POPLATEK MESICNE,1997-10-17
961,1,POPLATEK MESICNE,1997-10-18
3919,34,POPLATEK MESICNE,1997-10-18
3875,44,POPLATEK MESICNE,1997-10-18
2311,28,POPLATEK MESICNE,1997-10-19
2756,24,POPLATEK MESICNE,1997-10-21
3857,54,POPLATEK MESICNE,1997-10-22
156,64,POPLATEK MESICNE,1997-10-22
1209,23,POPLATEK MESICNE,1997-10-23
2371,15,POPLATEK TYDNE,1997-10-23
852,57,POPLATEK MESICNE,1997-10-23
1172,6,POPLATEK MESICNE,1997-10-25
1340,52,POPLATEK MESICNE,1997-10-28
2703,61,POPLATEK MESICNE,1997-10-28
782,42,POPLATEK MESICNE,1997-10-30
3325,11,POPLATEK MESICNE,1997-11-03
10613,55,POPLATEK MESICNE,1997-11-04
606,75,POPLATEK MESICNE,1997-11-04
9227,51,POPLATEK MESICNE,1997-11-04
2296,29,POPLATEK MESICNE,1997-11-05
644,4,POPLATEK MESICNE,1997-11-06
2402,18,POPLATEK MESICNE,1997-11-06
2391,2,POPLATEK MESICNE,1997-11-07
1140,49,POPLATEK MESICNE,1997-11-07
952,41,POPLATEK MESICNE,1997-11-09
867,60,POPLATEK MESICNE,1997-11-09
1208,4,POPLATEK MESICNE,1997-11-09
2831,1,POPLATEK MESICNE,1997-11-10
3360,71,POPLATEK MESICNE,1997-11-10
1245,68,POPLATEK MESICNE,1997-11-12
1348,55,POPLATEK MESICNE,1997-11-12
2721,74,POPLATEK MESICNE,1997-11-14
2221,58,POPLATEK MESICNE,1997-11-15
149,43,POPLATEK MESICNE,1997-11-16
3082,33,POPLATEK MESICNE,1997-11-16
2438,71,POPLATEK MESICNE,1997-11-16
1866,4,POPLATEK MESICNE,1997-11-17
3365,11,POPLATEK MESICNE,1997-11-18
3382,23,POPLATEK TYDNE,1997-11-20
2125,43,POPLATEK TYDNE,1997-11-20
3105,37,POPLATEK MESICNE,1997-11-21
2850,57,POPLATEK MESICNE,1997-11-22
3102,33,POPLATEK MESICNE,1997-11-23
1523,52,POPLATEK PO OBRATU,1997-11-24
215,31,POPLATEK MESICNE,1997-11-25
421,75,POPLATEK MESICNE,1997-11-27
934,9,POPLATEK MESICNE,1997-11-27
3333,44,POPLATEK MESICNE,1997-11-27
1798,46,POPLATEK MESICNE,1997-11-28
10005,64,POPLATEK MESICNE,1997-11-29
4386,51,POPLATEK TYDNE,1997-11-29
232,45,POPLATEK MESICNE,1997-11-29
1717,67,POPLATEK MESICNE,1997-12-02
2918,15,POPLATEK PO OBRATU,1997-12-05
4140,28,POPLATEK MESICNE,1997-12-05
21,54,POPLATEK MESICNE,1997-12-06
1650,39,POPLATEK MESICNE,1997-12-06
800,11,POPLATEK MESICNE,1997-12-06
3415,75,POPLATEK MESICNE,1997-12-06
736,75,POPLATEK MESICNE,1997-12-07
2787,1,POPLATEK MESICNE,1997-12-07
3406,53,POPLATEK MESICNE,1997-12-08
2796,5,POPLATEK TYDNE,1997-12-08
276,38,POPLATEK MESICNE,1997-12-08
315,45,POPLATEK MESICNE,1997-12-08
3836,68,POPLATEK MESICNE,1997-12-09
1229,46,POPLATEK MESICNE,1997-12-10
3209,45,POPLATEK MESICNE,1997-12-10
3501,36,POPLATEK MESICNE,1997-12-13
3992,43,POPLATEK MESICNE,1997-12-16
2440,19,POPLATEK MESICNE,1997-12-18
2791,25,POPLATEK MESICNE,1997-12-19
2049,67,POPLATEK MESICNE,1997-12-19
3385,1,POPLATEK MESICNE,1997-12-21
703,54,POPLATEK MESICNE,1997-12-21
1318,56,POPLATEK MESICNE,1997-12-22
889,43,POPLATEK MESICNE,1997-12-22
4332,74,POPLATEK MESICNE,1997-12-23
564,5,POPLATEK MESICNE,1997-12-23
727,35,POPLATEK MESICNE,1997-12-25
3048,74,POPLATEK TYDNE,1997-12-26
3025,25,POPLATEK MESICNE,1997-12-27
906,59,POPLATEK MESICNE,1997-12-27
777,30,POPLATEK MESICNE,1997-12-28
1573,63,POPLATEK MESICNE,1997-12-29
3276,1,POPLATEK MESICNE,1997-12-29
